element_name,element_type,kw_loss,kvar_loss
Transformer.sub_xfmr,Transformer,141.2113169948762,2471.2155515787085
Line.line_edge-000001,Line,3.253610034832308,8.628480434212717
Line.line_edge-000002,Line,3.253610091318382,8.628481115000323
Line.line_edge-000004,Line,0.005127512007398764,0.0015823145687245414
Line.line_edge-000008,Line,0.0013849982525280212,-0.0005085856062542007
Line.line_edge-000010,Line,5.06994582211571e-05,-0.003176958166123295
Line.line_edge-000012,Line,0.0009357412662542438,-0.003256526914355477
Line.line_edge-000014,Line,4.431488692066625e-06,-0.0046921202223651004
Line.line_edge-000015,Line,4.698622772640637e-05,-0.0010007932357001263
Line.line_edge-000016,Line,0.000268072720133659,-0.005708970077172557
Line.line_edge-000018,Line,0.0045704853103816275,-0.001861041424677751
Line.line_edge-000019,Line,0.0006246853827545139,-0.0012348050331880227
Line.line_edge-000020,Line,0.0035399691894285744,-0.006996771604213274
Line.line_edge-000022,Line,0.005656635042163544,0.0006578070043906336
Line.line_edge-000024,Line,0.002933958409474144,-0.003288852307881825
Line.line_edge-000025,Line,0.002096236768287781,3.124228460364975e-07
Line.line_edge-000026,Line,0.011912098937718838,3.169465268001659e-06
Line.line_edge-000027,Line,4.517310665611118e-06,-0.001870232074566454
Line.line_edge-000028,Line,2.5640254027747617e-05,-0.010597905584650773
Line.line_edge-000029,Line,0.0010546210146024902,-0.0016578430668110684
Line.line_edge-000030,Line,0.0059771136635404,-0.009393038802083878
Line.line_edge-000031,Line,6.567386676124442e-06,-0.0011772120544537757
Line.line_edge-000032,Line,3.7166627027545476e-05,-0.006656593823140384
Line.line_edge-000033,Line,0.001978120150575823,-0.00142920341853526
Line.line_edge-000034,Line,0.01117912749378628,-0.00807368986583321
Line.line_edge-000035,Line,0.0015224240056413692,-0.0008559875912851567
Line.line_edge-000036,Line,0.008651146192612941,-0.0048613291949186534
Line.line_edge-000037,Line,6.2326710576599e-07,-0.0014163570403062523
Line.line_edge-000038,Line,3.5289350080347505e-06,-0.008005723436956146
Line.line_edge-000040,Line,0.002105559403578809,-0.00522394791343686
Line.line_edge-000041,Line,7.3160080558096754e-06,-0.003070051255542605
Line.line_edge-000042,Line,4.157034090836557e-05,-0.017396757338844583
Line.line_edge-000043,Line,5.597436829718472e-06,-0.003128513895964645
Line.line_edge-000044,Line,3.175196885116639e-05,-0.01770062825932646
Line.line_edge-000045,Line,0.004651509614149482,-0.002282780933515465
Line.line_edge-000046,Line,0.026360165594525135,-0.012929716322611912
Line.line_edge-000047,Line,0.0020200966280535795,0.0011357011472173325
Line.line_edge-000048,Line,0.011447742297139485,0.0064386753328908525
Line.line_edge-000049,Line,0.0004463639433524804,-0.0015706158943157788
Line.line_edge-000050,Line,0.0025263932699854195,-0.008886432118611993
Line.line_edge-000051,Line,0.0001720091201891573,-0.0064190137576059635
Line.line_edge-000052,Line,0.0009750936232367768,-0.036373022725510955
Line.line_edge-000053,Line,0.004594277213988951,-0.002287320106303348
Line.line_edge-000054,Line,0.026039491410157545,-0.01295349201324243
Line.line_edge-000055,Line,0.001039252868493608,-0.0035207393676887034
Line.line_edge-000056,Line,0.005891156286795129,-0.01994724508147413
Line.line_edge-000057,Line,0.001005696351181541,-0.0017758863553044648
Line.line_edge-000058,Line,0.005699919391096046,-0.010059674162479496
Line.line_edge-000059,Line,0.010816729649238403,-0.00034313536835494675
Line.line_edge-000060,Line,0.06137222408123251,-0.0019325950681508578
Line.line_edge-000061,Line,4.314929176871374e-06,-0.002365987538991021
Line.line_edge-000062,Line,2.4488394074523966e-05,-0.01340704972140884
Line.line_edge-000063,Line,1.6420095954836623e-06,-0.008194459589591155
Line.line_edge-000064,Line,9.318227835144217e-06,-0.04636648049508032
Line.line_edge-000065,Line,0.005113545911184921,-0.0010001859531778266
Line.line_edge-000066,Line,0.028981525532037915,-0.005657426954697646
Line.line_edge-000067,Line,0.009657729160418967,0.0003276311455301766
Line.line_edge-000068,Line,0.054806816233875,0.00187603662400943
Line.line_edge-000069,Line,0.0017275268925222918,-0.0019401804291301233
Line.line_edge-000070,Line,0.009791038909574126,-0.010987888526262396
Line.line_edge-000071,Line,6.656328855206085e-05,-0.002765538863806114
Line.line_edge-000072,Line,0.0003771441406088343,-0.015649721656094927
Line.line_edge-000073,Line,0.0001409834842469302,-0.009524565501626616
Line.line_edge-000074,Line,0.0007998160010835523,-0.053969702354644884
Line.line_edge-000075,Line,1.170861870105e-05,-0.0029024676389406067
Line.line_edge-000076,Line,6.658796441388404e-05,-0.01646695537836865
Line.line_edge-000077,Line,8.233167148876453e-06,-0.010229773941005358
Line.line_edge-000078,Line,4.6751545972727816e-05,-0.05789951856093458
Line.line_edge-000079,Line,0.0014540385514573008,-0.003702928579725711
Line.line_edge-000080,Line,0.008241485894151235,-0.020975724952400576
Line.line_edge-000081,Line,0.010752462445554556,0.0014140375256101833
Line.line_edge-000082,Line,0.06088864758316777,0.008027678703736456
Line.line_edge-000083,Line,1.8043918813418713e-05,-0.00325861627047675
Line.line_edge-000084,Line,0.0001024824183855344,-0.01846460449674305
Line.line_edge-000085,Line,0.0072685042294469895,-0.00024082796330549173
Line.line_edge-000086,Line,0.04123701533969142,-0.0013474582221133459
Line.line_edge-000087,Line,0.008215117076347018,-0.0022960390575468602
Line.line_edge-000088,Line,0.04659857480628104,-0.01299951883330441
Line.line_edge-000089,Line,0.0002880652367530274,-0.003415727800968398
Line.line_edge-000090,Line,0.0016336516139708692,-0.01935127006282346
Line.line_edge-000091,Line,5.8780800577569185e-06,-0.006951056668230041
Line.line_edge-000092,Line,3.3462718102929035e-05,-0.03938872715069158
Line.line_edge-000093,Line,75.59515539819236,200.41567142223056
Line.line_edge-000095,Line,2.6626447896560786e-06,-0.0017378499621926002
Line.line_edge-000097,Line,1.5758454399979475e-06,-0.0022501977429110853
Line.line_edge-000099,Line,0.0019547979175840737,-1.0122349391167518e-05
Line.line_edge-000101,Line,1.830939620958816e-05,-0.0014452361526193726
Line.line_edge-000102,Line,2.7392824114514242e-05,-0.0013157131097883484
Line.line_edge-000103,Line,0.00015425068728993878,-0.007408433586511256
Line.line_edge-000105,Line,0.00010243978705438752,-0.0047697230476646075
Line.line_edge-000107,Line,0.0013140720644212959,-0.00523329724102647
Line.line_edge-000109,Line,0.0020195001377955094,-0.005061697285390376
Line.line_edge-000110,Line,0.00011694113179165444,-0.001114489961766571
Line.line_edge-000111,Line,0.0006661976797963447,-0.006348397294003817
Line.line_edge-000112,Line,2.815358140773494e-05,-0.0014756740114984525
Line.line_edge-000113,Line,0.00015959925951620262,-0.00836201863805317
Line.line_edge-000114,Line,4.238336812754984e-06,-0.0028214976506305235
Line.line_edge-000115,Line,2.4031948921174087e-05,-0.015988425714653146
Line.line_edge-000116,Line,0.00010542057335759925,-0.0016608099587169702
Line.line_edge-000117,Line,0.0005975281631367247,-0.009410944652490916
Line.line_edge-000118,Line,7.20648705357918e-05,-0.0018601604668210241
Line.line_edge-000119,Line,0.00040851105053389404,-0.010540603393631335
Line.line_edge-000120,Line,6.516517705676961e-06,-0.0010597316118891057
Line.line_edge-000121,Line,3.695994521604007e-05,-0.006005028453011391
Line.line_edge-000122,Line,0.0012129483458556934,-0.0005819091905668757
Line.line_edge-000123,Line,0.006888900390942581,-0.0033032675484009817
Line.line_edge-000124,Line,9.214341089318623e-07,-0.0011724561025157527
Line.line_edge-000125,Line,5.236560074081353e-06,-0.006657631891824166
Line.line_edge-000126,Line,4.795559497610979e-05,-0.004483758838255026
Line.line_edge-000127,Line,0.0002724288451038931,-0.025454981698144977
Line.line_edge-000128,Line,7.827947391401385e-05,-0.004541255747640281
Line.line_edge-000129,Line,0.0004436713874202681,-0.02573329285146286
Line.line_edge-000130,Line,5.634180378925979e-05,-0.0028120525320965194
Line.line_edge-000131,Line,0.00031950204066147776,-0.015934474317288592
Line.line_edge-000132,Line,6.494246045804175e-06,-0.0014881629525395966
Line.line_edge-000133,Line,3.6922493359270446e-05,-0.008452376338318572
Line.line_edge-000134,Line,0.00024574654421849116,-0.0014987803781359617
Line.line_edge-000135,Line,0.0013898610858777828,-0.008473561900125787
Line.line_edge-000136,Line,6.721237940382707e-06,-0.0016436123979704008
Line.line_edge-000137,Line,3.815197877679566e-05,-0.00931357455946852
Line.line_edge-000138,Line,0.00022292317844113674,-0.0031050596200298186
Line.line_edge-000139,Line,0.0012653118878261011,-0.017618341546089142
Line.line_edge-000140,Line,0.0004410130085689161,-0.00169408599982944
Line.line_edge-000141,Line,0.0025030095487236395,-0.009610392242768285
Line.line_edge-000142,Line,7.009486462038694e-06,-0.0019030545619390295
Line.line_edge-000143,Line,3.973031975669983e-05,-0.01076404629578701
Line.line_edge-000144,Line,5.173309875534216e-06,-0.006928309330761056
Line.line_edge-000145,Line,2.9359191300387662e-05,-0.03926019375449419
Line.line_edge-000146,Line,3.059446930274135e-05,-0.002045400240510389
Line.line_edge-000147,Line,0.000173731442715507,-0.011603678125911301
Line.line_edge-000148,Line,7.992880124195079e-06,-0.0042064573416460025
Line.line_edge-000149,Line,4.544787842986064e-05,-0.023836264235861288
Line.line_edge-000150,Line,0.0051853237656665765,-0.0024968151956066935
Line.line_edge-000151,Line,0.029390132330312548,-0.014138700988111048
Line.line_edge-000152,Line,1.1281737869765384e-05,-0.007971490719695563
Line.line_edge-000153,Line,6.405680796545695e-05,-0.04517130251421249
Line.line_edge-000154,Line,0.00034671830282721137,-0.004449269731081928
Line.line_edge-000155,Line,0.0019662046968710835,-0.025209979480263482
Line.line_edge-000156,Line,7.385283933490427e-05,-0.0024396934297046756
Line.line_edge-000157,Line,0.0004184102866729518,-0.013810126619309358
Line.line_edge-000158,Line,0.0004256154325303214,-0.0023475232423261333
Line.line_edge-000159,Line,0.0024126315463508944,-0.0132995957260855
Line.line_edge-000160,Line,0.027031648897289415,0.0056008103898784614
Line.line_edge-000161,Line,0.153187778474472,0.031767396510156684
Line.line_edge-000162,Line,0.015589404800875143,0.0028434610027870412
Line.line_edge-000163,Line,0.08835204236179893,0.016133812938354357
Line.line_edge-000164,Line,0.031485521933384004,0.006798800887037942
Line.line_edge-000165,Line,0.17842791423518792,0.03856127055815887
Line.line_edge-000166,Line,0.002869910869623709,-0.001997799590812065
Line.line_edge-000167,Line,0.016279696473688092,-0.011319496049458394
Line.line_edge-000168,Line,0.011321891021909274,-0.0015072833892903965
Line.line_edge-000169,Line,0.06417181965644558,-0.00851979155030443
Line.line_edge-000170,Line,0.0003283414342176404,-0.00985387924715907
Line.line_edge-000171,Line,0.0018612092838417875,-0.05583538976697773
Line.line_edge-000172,Line,0.0003631916209269548,-0.002582726692462529
Line.line_edge-000173,Line,0.0020569942363363224,-0.014621007532901785
Line.line_edge-000174,Line,0.0010678542658225352,-0.005720655212508014
Line.line_edge-000175,Line,0.0060618260972339615,-0.032445219612430305
Line.line_edge-000176,Line,0.017904167885494458,0.002949228477370941
Line.line_edge-000177,Line,0.1013982981567013,0.016729466340076743
Line.line_edge-000178,Line,0.00013793766286107712,-0.003238734611034488
Line.line_edge-000179,Line,0.0007822095534775144,-0.018350476048361996
Line.line_edge-000180,Line,7.484349399194734e-05,-0.006662344229711287
Line.line_edge-000181,Line,0.00042505761617553725,-0.03775125817347487
Line.line_edge-000182,Line,0.004807966490816094,-0.004537871152831851
Line.line_edge-000183,Line,0.02724811685914558,-0.025698735274419737
Line.line_edge-000184,Line,55.121304076823456,146.12199810309139
Line.line_edge-000188,Line,5.197602054347063e-05,-0.0021990494854952224
Line.line_edge-000190,Line,1.1968109340418339e-06,-0.002038045153644614
Line.line_edge-000192,Line,1.263821600969095e-05,-0.0013133481607264911
Line.line_edge-000194,Line,1.8949910725267144e-06,-0.003791930601127931
Line.line_edge-000196,Line,0.0027382024817488855,-0.001411803921126193
Line.line_edge-000197,Line,6.449327031841398e-05,-0.001607194831712119
Line.line_edge-000198,Line,0.0003654791667247709,-0.009107342687276159
Line.line_edge-000199,Line,0.0014692607813849463,-6.936677104386035e-05
Line.line_edge-000200,Line,0.008325984162031091,-0.00039246443518277374
Line.line_edge-000201,Line,0.00032808853963856423,-0.001969448919648822
Line.line_edge-000202,Line,0.0018662939021119504,-0.01120199337233849
Line.line_edge-000204,Line,0.002285708579205675,-0.00330744113300716
Line.line_edge-000205,Line,0.0026555829617063865,3.359769482267438e-05
Line.line_edge-000206,Line,0.015048739253164968,0.00019190204434562475
Line.line_edge-000207,Line,0.0017857282354234484,0.0017057077403151196
Line.line_edge-000208,Line,0.010119308615627234,0.009666714856808539
Line.line_edge-000209,Line,0.0003655433660723837,-0.0016199684304449749
Line.line_edge-000210,Line,0.002064073930895798,-0.00914500694245101
Line.line_edge-000211,Line,3.997554819369503e-06,-0.003476726423971189
Line.line_edge-000212,Line,2.2679930112838556e-05,-0.019701376812618902
Line.line_edge-000213,Line,8.082349289907143e-06,-0.001093870432417134
Line.line_edge-000214,Line,4.573320237068401e-05,-0.006185113931034493
Line.line_edge-000215,Line,3.3933130183868346e-05,-0.0011444508102113104
Line.line_edge-000216,Line,0.00019237699671430163,-0.006484910331362243
Line.line_edge-000217,Line,0.001593432327272608,8.305113749040238e-05
Line.line_edge-000218,Line,0.00902999283698463,0.00047270929002197847
Line.line_edge-000219,Line,0.00012881041001002564,-0.004521694204231002
Line.line_edge-000220,Line,0.0007287933788297462,-0.025575734949269107
Line.line_edge-000221,Line,6.368812506718529e-05,-0.004855941061116218
Line.line_edge-000222,Line,0.0003619352252111922,-0.027583610495052452
Line.line_edge-000223,Line,8.648458768220735e-06,-0.001435285629396958
Line.line_edge-000224,Line,4.9034684048820055e-05,-0.008133130557790537
Line.line_edge-000225,Line,0.00022643669251939214,-0.0027355685762224164
Line.line_edge-000226,Line,0.0012834302013333314,-0.015500437198440192
Line.line_edge-000227,Line,1.9910474381504172e-05,-0.0015568681835575263
Line.line_edge-000228,Line,0.00011287250362693158,-0.008821988874201906
Line.line_edge-000229,Line,0.0004801042507054571,-0.0026202352401694944
Line.line_edge-000230,Line,0.002724873182409363,-0.014866856781539076
Line.line_edge-000231,Line,0.0032514914002094884,0.0029310904458834555
Line.line_edge-000232,Line,0.018425812781060813,0.016613531368333496
Line.line_edge-000233,Line,0.00034530602581253335,-0.001695850107010301
Line.line_edge-000234,Line,0.0019571961692108745,-0.009608073126941235
Line.line_edge-000235,Line,7.007034834031867e-06,-0.0037536664253971495
Line.line_edge-000236,Line,3.990190311464653e-05,-0.021308661108063606
Line.line_edge-000237,Line,9.481353137562109e-05,-0.0018391186998333068
Line.line_edge-000238,Line,0.0005367740017172764,-0.010408393002336197
Line.line_edge-000239,Line,8.519026183141155e-06,-0.004112212814352173
Line.line_edge-000240,Line,4.836568100962275e-05,-0.023302199866089782
Line.line_edge-000241,Line,0.005921158553863183,-0.002031204850269585
Line.line_edge-000242,Line,0.03355997524157121,-0.011500231252327924
Line.line_edge-000243,Line,0.0019043361905998325,-0.006391202194206446
Line.line_edge-000244,Line,0.010804456915348728,-0.036249452140648536
Line.line_edge-000245,Line,6.349102172634958e-06,-0.0022896250397624273
Line.line_edge-000246,Line,3.6064531532474575e-05,-0.01297421385602945
Line.line_edge-000247,Line,0.005143993587858858,0.0009009568701221724
Line.line_edge-000248,Line,0.02915144610592688,0.0051143534572001955
Line.line_edge-000249,Line,0.003936330673583143,-0.0012707869888217828
Line.line_edge-000250,Line,0.022339361155864025,-0.0072004813093535635
Line.line_edge-000251,Line,1.7689288120046775e-05,-0.004971808480823352
Line.line_edge-000252,Line,0.00010053673961860386,-0.028172949476250965
Line.line_edge-000253,Line,6.148959466563398e-05,-0.005203032121103742
Line.line_edge-000254,Line,0.00034938141644225563,-0.029482457132371253
Line.line_edge-000255,Line,0.0012827913710134454,-0.001888118510156346
Line.line_edge-000256,Line,0.007270448335497349,-0.010693929565180952
Line.line_edge-000257,Line,1.3895516074295955e-05,-0.005449930732632851
Line.line_edge-000258,Line,7.914749160627556e-05,-0.030855521075188602
Line.line_edge-000259,Line,6.036710641346055e-05,-0.0055084281771197435
Line.line_edge-000260,Line,0.0003424453358134478,-0.031213016272307992
Line.line_edge-000261,Line,3.3227359731426987e-06,-0.0029222140257323874
Line.line_edge-000262,Line,1.887847025955125e-05,-0.016539768969664807
Line.line_edge-000263,Line,0.00021465589383803162,-0.005833737851303972
Line.line_edge-000264,Line,0.0012185058866311777,-0.03305472079273354
Line.line_edge-000265,Line,3.522088748468377e-05,-0.003029831544491117
Line.line_edge-000266,Line,0.00019974052911311447,-0.01715452700687888
Line.line_edge-000267,Line,4.9720807428636604e-05,-0.006254245190796442
Line.line_edge-000268,Line,0.0002823423821515696,-0.03540115387163139
Line.line_edge-000269,Line,0.000189266244121427,-0.0031768296501059013
Line.line_edge-000270,Line,0.0010723688331818267,-0.017979789132305087
Line.line_edge-000271,Line,2.1588697373364775e-05,-0.006504517880031148
Line.line_edge-000272,Line,0.00012273841338553246,-0.0368312168324566
Line.line_edge-000273,Line,6.076228357997593e-05,-0.006681657439984935
Line.line_edge-000274,Line,0.00034567915622224043,-0.03786071673944824
Line.line_edge-000275,Line,39.973497690167264,105.96178501304902
Line.line_edge-000281,Line,2.4540683974192387e-05,-0.001625287010984744
Line.line_edge-000283,Line,1.5596197879858666e-05,-0.0012690403126189268
Line.line_edge-000285,Line,0.00038736010505272136,-0.0014093962576753256
Line.line_edge-000287,Line,9.501765645332681e-05,-0.004292517274023343
Line.line_edge-000288,Line,1.058317427090552e-05,-0.0015134654118632226
Line.line_edge-000289,Line,5.998193224722986e-05,-0.008576267319338068
Line.line_edge-000291,Line,0.0006553567143730395,-0.005027152549365437
Line.line_edge-000293,Line,0.0012607928794055323,-0.0050316950292778025
Line.line_edge-000294,Line,0.0004061358959270739,-0.0018478062037845149
Line.line_edge-000295,Line,0.00230151749285098,-0.010470462337971938
Line.line_edge-000296,Line,4.0413792938672534e-05,-0.001515511540279575
Line.line_edge-000297,Line,0.00022913118533987706,-0.008587722166408908
Line.line_edge-000298,Line,0.00010788552991752187,-0.0016605246356839745
Line.line_edge-000299,Line,0.0006115882218069365,-0.009409295684955906
Line.line_edge-000300,Line,0.002645640967791136,-0.0007867759209470417
Line.line_edge-000301,Line,0.014993204981677458,-0.00445659731529731
Line.line_edge-000303,Line,0.0021453389831294772,-0.002240491984954133
Line.line_edge-000304,Line,1.6115755740884197e-06,-0.0010326022906779143
Line.line_edge-000305,Line,9.166368145088199e-06,-0.005864455861529109
Line.line_edge-000306,Line,0.0002194970550714088,-0.0021519367974531427
Line.line_edge-000307,Line,0.0012406066334167771,-0.01215716566327386
Line.line_edge-000308,Line,0.00702295817976119,0.0009663608009723248
Line.line_edge-000309,Line,0.039686096981022274,0.005465298468683613
Line.line_edge-000310,Line,0.005782003585714847,0.0011923472848029632
Line.line_edge-000311,Line,0.03270715996164654,0.006748803876562306
Line.line_edge-000312,Line,0.001881846960912431,-0.0012380130327499987
Line.line_edge-000313,Line,0.010683710669138235,-0.007025127634515229
Line.line_edge-000314,Line,3.186388081969582e-06,-0.002817900343628665
Line.line_edge-000315,Line,1.8086898488913647e-05,-0.015967988951899558
Line.line_edge-000316,Line,1.645398033906531e-05,-0.001458734104886389
Line.line_edge-000317,Line,9.327868798754935e-05,-0.008265937120705984
Line.line_edge-000318,Line,0.0004261642038460293,-0.004914786189204831
Line.line_edge-000319,Line,0.002415217463727828,-0.0278489688026491
Line.line_edge-000320,Line,0.008547324928504864,0.001127073683596242
Line.line_edge-000321,Line,0.04843944098818937,0.0063945233362788555
Line.line_edge-000322,Line,0.002832447035745582,-0.0016904491281878363
Line.line_edge-000323,Line,0.016029712486883577,-0.00956182464190704
Line.line_edge-000324,Line,0.00012333397478414554,-0.0017594269888641066
Line.line_edge-000325,Line,0.0006979438438538637,-0.009950585429472084
Line.line_edge-000326,Line,0.00042732402140168726,-0.00606736792082255
Line.line_edge-000327,Line,0.00242187567901719,-0.03437978594698312
Line.line_edge-000328,Line,8.352931493417548e-05,-0.00683476181622705
Line.line_edge-000329,Line,0.0004729415633045982,-0.03868303686168111
Line.line_edge-000330,Line,0.0005229865997902916,-0.0036282399052036817
Line.line_edge-000331,Line,0.0029696975591036357,-0.02059157799905145
Line.line_edge-000332,Line,2.0022405961753975e-05,-0.002069209507396636
Line.line_edge-000333,Line,0.00011372358231801627,-0.011738054427871248
Line.line_edge-000334,Line,8.725968977842058e-06,-0.002153774507057847
Line.line_edge-000335,Line,4.956361814106458e-05,-0.012204310345041108
Line.line_edge-000336,Line,1.0538002740281271e-06,-0.004476503982898624
Line.line_edge-000337,Line,5.996009312310734e-06,-0.02532894651540556
Line.line_edge-000338,Line,0.012818204914205126,0.0058919196167116755
Line.line_edge-000339,Line,0.07271343787349178,0.03343497649276105
Line.line_edge-000340,Line,0.013801137121777319,0.0024403669545617532
Line.line_edge-000341,Line,0.07821643472490446,0.013845609869753427
Line.line_edge-000342,Line,0.00024931185842965207,-0.008560357882312204
Line.line_edge-000343,Line,0.0014134836291935416,-0.048506100051956484
Line.line_edge-000344,Line,2.5050119625120714e-06,-0.002540299578247982
Line.line_edge-000345,Line,1.4228714267574105e-05,-0.014394835041129227
Line.line_edge-000346,Line,0.0007194585273962914,-0.004658325527265071
Line.line_edge-000347,Line,0.004078987454153019,-0.026392850793709514
Line.line_edge-000348,Line,0.0005950892731834756,-0.002514112081508756
Line.line_edge-000349,Line,0.0033735273904494534,-0.014241884579198996
Line.line_edge-000350,Line,2.9609552715588627e-05,-0.0055649544772038125
Line.line_edge-000351,Line,0.00016804778519143444,-0.031533744367499374
Line.line_edge-000352,Line,0.006453675613767701,-2.950661586874048e-05
Line.line_edge-000353,Line,0.036604900817335875,-0.00015284395188064082
Line.line_edge-000354,Line,7.865814914839575e-05,-0.0027613795916549863
Line.line_edge-000355,Line,0.00044544299469998806,-0.01562853078918988
Line.line_edge-000356,Line,0.0001236510080001878,-0.005940026641177041
Line.line_edge-000357,Line,0.0007023451643805975,-0.03365772832933121
Line.line_edge-000358,Line,0.0013694262241879186,-0.0021930290295749727
Line.line_edge-000359,Line,0.0077617337999363375,-0.012420271382437932
Line.line_edge-000360,Line,5.637156856338699e-06,-0.00624916361126525
Line.line_edge-000361,Line,3.207563731558761e-05,-0.035411416244102906
Line.line_edge-000362,Line,3.3431836727121575e-05,-0.006391433762286212
Line.line_edge-000363,Line,0.00018991645339955655,-0.036190500163961685
Line.line_edge-000364,Line,3.0603930460526564e-05,-0.006572374956838715
Line.line_edge-000365,Line,0.00017358886943657126,-0.037204643317083085
Line.line_edge-000366,Line,22.453719821535756,59.5851534318435
Line.line_edge-000368,Line,1.3882243623155462e-06,-0.0013713298795898308
Line.line_edge-000370,Line,3.166282699970803e-06,-0.0011450976524049947
Line.line_edge-000374,Line,1.3482698882398837e-06,-0.0027759119303038915
Line.line_edge-000376,Line,0.00016286823235148477,-0.003699041356598532
Line.line_edge-000378,Line,4.484054114072933e-06,-0.002293308805061315
Line.line_edge-000380,Line,0.00014820529543430893,-0.004856888146158781
Line.line_edge-000381,Line,0.0014790402363851131,-0.001043923642718525
Line.line_edge-000382,Line,0.008381436940055227,-0.005914896067450144
Line.line_edge-000383,Line,1.278406473827945e-05,-0.002189297455021853
Line.line_edge-000384,Line,7.272418300834461e-05,-0.012452817730830337
Line.line_edge-000385,Line,0.00040146238114711295,-0.001044863044069845
Line.line_edge-000386,Line,0.0022751535236853306,-0.00592046550149042
Line.line_edge-000387,Line,1.3336961557713357e-06,-0.002783030654040579
Line.line_edge-000388,Line,7.570792985911037e-06,-0.015770451723863828
Line.line_edge-000389,Line,9.905876602287434e-05,-0.001563203267083032
Line.line_edge-000390,Line,0.0005614150232723521,-0.008857841829983799
Line.line_edge-000392,Line,8.874807994288859e-06,-0.005063186132506246
Line.line_edge-000394,Line,0.0002594503189884563,-0.005330667584787989
Line.line_edge-000395,Line,0.000569211283884215,-0.0017159384350007416
Line.line_edge-000396,Line,0.0032190634525066436,-0.009701674028722204
Line.line_edge-000397,Line,0.00537425552481308,-0.00026533578620040557
Line.line_edge-000398,Line,0.03045668259340988,-0.0014998623636551752
Line.line_edge-000399,Line,0.0005029361107081058,-0.001038965685207586
Line.line_edge-000400,Line,0.002850344966591365,-0.00588616503088997
Line.line_edge-000401,Line,9.103957149965147e-07,-0.0025506390827907525
Line.line_edge-000402,Line,5.16348001841645e-06,-0.014427346105042439
Line.line_edge-000403,Line,3.5753875426962625e-05,-0.0013259075087783004
Line.line_edge-000404,Line,0.00020270033331144078,-0.007513114518704242
Line.line_edge-000405,Line,4.465184832497471e-06,-0.001389588068421176
Line.line_edge-000406,Line,2.5346527484089164e-05,-0.007874176963300897
Line.line_edge-000407,Line,0.003680602719069395,-0.0010473866064646487
Line.line_edge-000408,Line,0.020859313272033404,-0.005930895751055294
Line.line_edge-000409,Line,5.5148398729215845e-05,-0.001532412515019132
Line.line_edge-000410,Line,0.0003119837206795637,-0.008665171809201183
Line.line_edge-000411,Line,1.2252788282125503e-05,-0.003263435790992334
Line.line_edge-000412,Line,6.96479908865036e-05,-0.01852976587810832
Line.line_edge-000413,Line,5.011197948988411e-05,-0.0016570548090558076
Line.line_edge-000414,Line,0.0002840984568847489,-0.009389429915142956
Line.line_edge-000415,Line,2.5441527697694256e-05,-0.0017500603640132795
Line.line_edge-000416,Line,0.00014400222703261534,-0.009898363366611193
Line.line_edge-000417,Line,9.622500156183378e-07,-0.0018587283984599025
Line.line_edge-000418,Line,5.475201441186073e-06,-0.010551103160821867
Line.line_edge-000419,Line,0.0006702670005638902,-0.003596302132079156
Line.line_edge-000420,Line,0.003799848414786932,-0.0203762337299725
Line.line_edge-000421,Line,0.001097908706382441,-0.001287084530815264
Line.line_edge-000422,Line,0.006222270861300785,-0.007290199536417276
Line.line_edge-000423,Line,0.0005986339912415132,-0.0012033456860881416
Line.line_edge-000424,Line,0.003392646495711233,-0.006816708977186863
Line.line_edge-000425,Line,1.2801183778080371e-05,-0.004357377720874714
Line.line_edge-000426,Line,7.298512972008016e-05,-0.024728754671936963
Line.line_edge-000427,Line,0.008014949071171045,0.0015548854767830314
Line.line_edge-000428,Line,0.04542366956023947,0.008822752031969474
Line.line_edge-000429,Line,0.0010543237339879852,-0.0007921267219589935
Line.line_edge-000430,Line,0.005975115055640344,-0.004485164353945947
Line.line_edge-000431,Line,9.994972118875011e-06,-0.0023360284496810662
Line.line_edge-000432,Line,5.6809424148923426e-05,-0.013249907914186565
Line.line_edge-000433,Line,0.0002113160094392339,-0.008878825519841819
Line.line_edge-000434,Line,0.0011985380230787768,-0.0503101969041928
Line.line_edge-000435,Line,2.8811918609790156e-05,-0.0024697254205188982
Line.line_edge-000436,Line,0.00016323428794385108,-0.013981783994608577
Line.line_edge-000437,Line,0.0003915095356056186,-0.0050209193034122706
Line.line_edge-000438,Line,0.0022173769575660526,-0.02841318975339534
Line.line_edge-000439,Line,9.973980707172458e-05,-0.005283388846352633
Line.line_edge-000440,Line,0.000566136383322461,-0.029962911503708493
Line.line_edge-000441,Line,1.4097501459978678e-05,-0.00988318227254022
Line.line_edge-000442,Line,7.993911454850887e-05,-0.05595709606771769
Line.line_edge-000443,Line,0.004461128033792595,-0.0033492004277816535
Line.line_edge-000444,Line,0.025316664846818486,-0.01898836987757297
Line.line_edge-000445,Line,0.0001774545936823415,-0.002629885342446869
Line.line_edge-000446,Line,0.0010067162547820771,-0.01491239302523354
Line.line_edge-000447,Line,0.016076593209922364,-2.9273218814012124e-06
Line.line_edge-000448,Line,0.09111976327144386,1.0919245110592393e-05
Line.line_edge-000449,Line,0.004927990437400996,-0.004275377241876768
Line.line_edge-000450,Line,0.027936207857412552,-0.02421138932465143
Line.line_edge-000451,Line,0.0021247489114719835,-0.007850931447692045
Line.line_edge-000452,Line,0.012050977328452369,-0.04451207521149401
Line.line_edge-000453,Line,0.0049490586773099495,-0.0016488067631798913
Line.line_edge-000454,Line,0.028020903720775096,-0.009315988538937746
Line.line_edge-000455,Line,7.15051853802251e-06,-0.011796462818309423
Line.line_edge-000456,Line,4.070589923337859e-05,-0.06684593995351806
Line.line_edge-000457,Line,13.01968414429437,34.652405635793926
Line.line_edge-000465,Line,0.00037243454812050915,-0.0011357531905159704
Line.line_edge-000467,Line,0.0032968020678149396,-0.0021927868066148565
Line.line_edge-000469,Line,0.0011033163254687678,-0.0017472325907219783
Line.line_edge-000471,Line,0.0002324691075264127,-0.002486848727373399
Line.line_edge-000473,Line,4.8248301687635834e-05,-0.003072542531763929
Line.line_edge-000475,Line,0.004006438148280722,-0.0022031846913341726
Line.line_edge-000477,Line,0.0010360914590273752,-0.002338472651206757
Line.line_edge-000478,Line,0.0027864392204975602,-0.00165955402645075
Line.line_edge-000479,Line,0.015721176961514892,-0.0093609891860842
Line.line_edge-000480,Line,4.625079026361334e-06,-0.0016394571740545505
Line.line_edge-000481,Line,2.6256279559425086e-05,-0.009290190916182798
Line.line_edge-000482,Line,0.000555372832088147,-0.001496494060385019
Line.line_edge-000483,Line,0.003155684178234255,-0.008501171695224607
Line.line_edge-000485,Line,0.004549376674094853,-0.0041805692615221445
Line.line_edge-000487,Line,0.0009944841134874878,-0.005354250191818209
Line.line_edge-000488,Line,0.0034988327098471926,-3.3591154278838075e-05
Line.line_edge-000489,Line,0.019885350113283493,-0.00018778995006505283
Line.line_edge-000490,Line,2.542937723868688e-05,-0.0023475833183627
Line.line_edge-000491,Line,0.0001438220854995117,-0.01326581173558757
Line.line_edge-000492,Line,6.542148189028956e-05,-0.004533555999161871
Line.line_edge-000493,Line,0.00037086819555532167,-0.025689633158593003
Line.line_edge-000495,Line,0.0014690381793407141,-0.005462575091847612
Line.line_edge-000496,Line,8.189385060268783e-07,-0.0028456397893975504
Line.line_edge-000497,Line,4.655700982183549e-06,-0.0161252322925481
Line.line_edge-000498,Line,0.00019271568110707448,-0.0013634609980963434
Line.line_edge-000499,Line,0.0010922733856004925,-0.007725377435565861
Line.line_edge-000500,Line,0.0012510327242132374,-0.002706342522154756
Line.line_edge-000501,Line,0.007076575946553931,-0.015301213276072303
Line.line_edge-000502,Line,2.6107116260480347e-06,-0.005868281500651857
Line.line_edge-000503,Line,1.4871301425650116e-05,-0.033320418559924105
Line.line_edge-000504,Line,0.001593828351207776,-0.0006825349786340666
Line.line_edge-000505,Line,0.009032451677048811,-0.00386453591643658
Line.line_edge-000506,Line,0.0027681485430075554,0.00224820989177897
Line.line_edge-000507,Line,0.015658272115106227,0.012720493599314068
Line.line_edge-000508,Line,0.00031943848623641237,-0.0033010179656957454
Line.line_edge-000509,Line,0.001808454101370509,-0.01868132554124817
Line.line_edge-000510,Line,0.0019545803359651472,0.0009127362128310779
Line.line_edge-000511,Line,0.011095108299981803,0.005184523755866394
Line.line_edge-000512,Line,0.0014482751950706519,-0.0029884551895312974
Line.line_edge-000513,Line,0.008208964350628347,-0.016930279052557853
Line.line_edge-000514,Line,4.847949384296546e-05,-0.007461260870909555
Line.line_edge-000515,Line,0.00027486027518409354,-0.04227969682471843
Line.line_edge-000516,Line,0.0009749771704572945,-0.0027761220927413604
Line.line_edge-000517,Line,0.00552590048812706,-0.015727438004874986
Line.line_edge-000518,Line,6.557505732325807e-05,-0.002184996081832196
Line.line_edge-000519,Line,0.00037193560803916627,-0.012380440543114902
Line.line_edge-000520,Line,0.001149278174918436,-0.0019309087804922455
Line.line_edge-000521,Line,0.006507695491531194,-0.010925769441816556
Line.line_edge-000522,Line,0.002486209739399783,-0.0012565799501189758
Line.line_edge-000523,Line,0.014109784106411099,-0.00712342397348948
Line.line_edge-000524,Line,0.00014563919622924003,-0.002291792806116973
Line.line_edge-000525,Line,0.0008256662011808658,-0.01298523872749638
Line.line_edge-000526,Line,0.000706840802412179,-0.00476151412655829
Line.line_edge-000527,Line,0.004008548735834725,-0.026977454115642195
Line.line_edge-000528,Line,0.0013386389814259018,-0.0006103320238107699
Line.line_edge-000529,Line,0.007586422091146233,-0.0034538903293287147
Line.line_edge-000530,Line,0.0005193058570518208,-0.004547371498252623
Line.line_edge-000531,Line,0.0029462961626603845,-0.02578652228802262
Line.line_edge-000532,Line,0.0017222611006863443,-0.008725211973145427
Line.line_edge-000533,Line,0.009769901280135551,-0.04947523652941477
Line.line_edge-000534,Line,2.620070808355568e-05,-0.010210253732003198
Line.line_edge-000535,Line,0.00014864346795864713,-0.05785718984845821
Line.line_edge-000536,Line,1.60558747780426e-05,-0.010424286223601168
Line.line_edge-000537,Line,9.128240991935532e-05,-0.059070004879294834
Line.line_edge-000538,Line,2.327478029356378e-05,-0.0059831261072299784
Line.line_edge-000539,Line,0.0001324756793896974,-0.0339033981391567
Line.line_edge-000540,Line,0.0032682606492417648,-0.00364080018992232
Line.line_edge-000541,Line,0.018505942998016594,-0.020597244538789625
Line.line_edge-000542,Line,7.2251333484137925e-06,-0.011265499595622484
Line.line_edge-000543,Line,4.1045395837179526e-05,-0.06383728520268146
Line.line_edge-000544,Line,0.00011563548397862177,-0.0031170414445475672
Line.line_edge-000545,Line,0.0006560370705174137,-0.017660504751679355
Line.line_edge-000546,Line,0.013003950132889328,-0.0017825661099022093
Line.line_edge-000547,Line,0.07378241711353792,-0.01008231804963558
Line.line_edge-000548,Line,4.571562822977893,12.124426166417383
Line.line_edge-000554,Line,8.465309919091032e-06,-0.0016057653283421828
Line.line_edge-000556,Line,0.0008333663400074556,-0.0034538846300104825
Line.line_edge-000558,Line,1.3739459450334834e-06,-0.001742322803033062
Line.line_edge-000560,Line,1.2912709044658044e-05,-0.0038594434520067083
Line.line_edge-000562,Line,0.00031067340506706385,-0.004988015156393885
Line.line_edge-000564,Line,0.0007334965483504183,-0.005398083272396191
Line.line_edge-000566,Line,0.0015689382410212342,-0.004508059379285483
Line.line_edge-000567,Line,2.8352225328331924e-06,-0.0012852553408145022
Line.line_edge-000568,Line,1.6012354089070868e-05,-0.0072572296535618076
Line.line_edge-000570,Line,0.0005339954472274258,-0.0037846752269401806
Line.line_edge-000572,Line,0.0042888847232679835,-0.002189473426249606
Line.line_edge-000574,Line,0.0017545010925023234,-0.003698135294995154
Line.line_edge-000576,Line,0.00022172429301917874,-0.005208313882940729
Line.line_edge-000577,Line,0.0001076427745144507,-0.0036747554414516674
Line.line_edge-000578,Line,0.0006101479709621672,-0.02082307782955293
Line.line_edge-000579,Line,1.2153271440786263e-06,-0.004030897634510625
Line.line_edge-000580,Line,6.90341186522547e-06,-0.022841696141389506
Line.line_edge-000581,Line,3.262976646038629e-05,-0.002373437877593705
Line.line_edge-000582,Line,0.00018472184562718584,-0.013423434068773098
Line.line_edge-000583,Line,0.0011529120252816937,-0.0004962616126013017
Line.line_edge-000584,Line,0.006533568925282452,-0.002810475286312794
Line.line_edge-000585,Line,0.0001932184469302376,-0.0025411094960686425
Line.line_edge-000586,Line,0.0010974398288668317,-0.014423972444678019
Line.line_edge-000587,Line,3.305419029857148e-05,-0.0013682820266892578
Line.line_edge-000588,Line,0.000187707076440347,-0.007765695646429322
Line.line_edge-000589,Line,0.00022802638483538872,-0.0027401944086747694
Line.line_edge-000590,Line,0.0012946796749149316,-0.015551141271832193
Line.line_edge-000591,Line,5.387824634453864e-06,-0.001493579201642092
Line.line_edge-000592,Line,3.0640799689081174e-05,-0.00848141904300553
Line.line_edge-000593,Line,0.0006014348450359739,-0.003056680473334632
Line.line_edge-000594,Line,0.0034144211605338245,-0.017343189267256805
Line.line_edge-000595,Line,4.1282306192442775e-06,-0.001618843372119045
Line.line_edge-000596,Line,2.3447079900051904e-05,-0.009173253984692906
Line.line_edge-000597,Line,0.0030741218705948605,0.001356205814720349
Line.line_edge-000598,Line,0.01745380379678415,0.007704615476457243
Line.line_edge-000599,Line,0.0026731410597567447,-0.0009674586519759032
Line.line_edge-000600,Line,0.015149418931774562,-0.005476634690030551
Line.line_edge-000601,Line,1.6297811308234045e-05,-0.006854045791808281
Line.line_edge-000602,Line,9.255549158840686e-05,-0.03883900563853945
Line.line_edge-000603,Line,0.0003811651912821006,-0.003432161633121208
Line.line_edge-000604,Line,0.0021605222955186037,-0.019446692773020913
Line.line_edge-000605,Line,0.00016924008491241426,-0.00745918059128401
Line.line_edge-000606,Line,0.0009597846024666808,-0.04226651559469282
Line.line_edge-000607,Line,6.2447684407896945e-06,-0.007760428125660699
Line.line_edge-000608,Line,3.5532736843890466e-05,-0.04397532042481986
Line.line_edge-000609,Line,2.0733960115259408e-05,-0.007987730325644947
Line.line_edge-000610,Line,0.00011767423413251765,-0.04526314169318382
Line.line_edge-000611,Line,5.7409484487665805e-05,-0.004570588235221333
Line.line_edge-000612,Line,0.00032577143070947946,-0.02587306631309798
Line.line_edge-000613,Line,3.8037039242226454e-05,-0.0023003909240128452
Line.line_edge-000614,Line,0.00021577353474094707,-0.01303468058134331
Line.line_edge-000615,Line,0.00022528446818796512,-0.002200090737595019
Line.line_edge-000616,Line,0.001275346750549943,-0.012448344293096852
Line.line_edge-000617,Line,0.006145103366870899,0.0014875849690106407
Line.line_edge-000618,Line,0.0348248437140137,0.008440382141296141
Line.line_edge-000619,Line,0.002673005272020104,-0.0078119190106565204
Line.line_edge-000620,Line,0.015150297180410444,-0.04425733385982983
Line.line_edge-000621,Line,0.007101839548278548,-0.004305944843827582
Line.line_edge-000622,Line,0.04024835062572376,-0.02438410364074691
Line.line_edge-000623,Line,1.7178470275212022e-05,-0.0026495772254675103
Line.line_edge-000624,Line,9.753393148957912e-05,-0.015013554822817923
Line.line_edge-000625,Line,3.617354900234204e-05,-0.0026424009782522262
Line.line_edge-000626,Line,0.00020529665410231246,-0.014985120464315969
Line.line_edge-000627,Line,1.1372773078896615e-05,-0.005699541170662009
Line.line_edge-000628,Line,6.492214935932914e-05,-0.03229671402363298
Line.line_edge-000629,Line,0.000341114638028075,-0.005667478204705276
Line.line_edge-000630,Line,0.0019326088585280947,-0.032076621359328976
Line.line_edge-000631,Line,0.00039047663817109426,-0.002780755881832192
Line.line_edge-000632,Line,0.002213761042385158,-0.01575362535695149
Line.line_edge-000633,Line,5.5834838158261845e-05,-0.0030125411960268593
Line.line_edge-000634,Line,0.00031690515099944605,-0.0170692645443321
Line.line_edge-000635,Line,6.839256124050853e-05,-0.0063462440393353995
Line.line_edge-000636,Line,0.00038894857757681164,-0.03598599042830665
Line.line_edge-000637,Line,0.0020896067391877296,-0.000150691361817735
Line.line_edge-000638,Line,0.011842515589029063,-0.0008457380063227901
Line.line_edge-000639,Line,1.2693298801178885,3.316683136735358
Line.line_edge-000643,Line,1.5250256119331004e-05,-0.0011579744422024257
Line.line_edge-000645,Line,5.189981869079929e-06,-0.0010409831430092708
Line.line_edge-000647,Line,0.002967596672823505,-0.00020281187291611128
Line.line_edge-000649,Line,8.380740534448705e-06,-0.0015485783405242727
Line.line_edge-000651,Line,4.2137526188525955e-06,-0.0019618454537373964
Line.line_edge-000653,Line,0.0017212310874383547,-0.0017283813190242653
Line.line_edge-000655,Line,0.00015893377755401162,-0.0028996972099735105
Line.line_edge-000656,Line,0.00029317692835381746,-0.0010229800043627861
Line.line_edge-000657,Line,0.001667972318693019,-0.005819097737072272
Line.line_edge-000658,Line,0.003997286538684782,-0.000398709440925594
Line.line_edge-000659,Line,0.022727076301900927,-0.002265092114349137
Line.line_edge-000660,Line,0.00011912533547669968,-0.001242423957818068
Line.line_edge-000661,Line,0.0006751237273310835,-0.007040127711235982
Line.line_edge-000663,Line,1.4907290456903866e-05,-0.004515531268236032
Line.line_edge-000665,Line,0.003654780799166474,0.0005373751392944541
Line.line_edge-000666,Line,2.685510766843846e-05,-0.001949623235054692
Line.line_edge-000667,Line,0.00015230019132512663,-0.011047664633264223
Line.line_edge-000668,Line,0.0034701779070164776,5.73435557053017e-05
Line.line_edge-000669,Line,0.019665111369024088,0.00032765348852262834
Line.line_edge-000670,Line,0.0020621403918994474,-0.00017333890238660388
Line.line_edge-000671,Line,0.01165109917351947,-0.0009773450904758648
Line.line_edge-000672,Line,1.5443223688955675e-06,-0.0024065979710062883
Line.line_edge-000673,Line,8.813954790592303e-06,-0.013674291021133224
Line.line_edge-000674,Line,0.00014783505531932084,-0.002485551853073025
Line.line_edge-000675,Line,0.0008381497914016141,-0.014084100624633356
Line.line_edge-000676,Line,4.7650218688275455e-06,-0.004805040766615452
Line.line_edge-000677,Line,2.70427572205347e-05,-0.027228412823272787
Line.line_edge-000678,Line,0.00013404747539425444,-0.001297379486627051
Line.line_edge-000679,Line,0.0007597963553071167,-0.0073510862405287295
Line.line_edge-000680,Line,0.010096670473561971,0.0029019133017027343
Line.line_edge-000681,Line,0.05721631705985055,0.016451104209911135
Line.line_edge-000682,Line,1.6939536589605453e-05,-0.0030823853189073007
Line.line_edge-000683,Line,9.613779332424907e-05,-0.0174665421226259
Line.line_edge-000684,Line,2.3255807747810666e-06,-0.003270973280757236
Line.line_edge-000685,Line,1.3256513370689002e-05,-0.018561265080256212
Line.line_edge-000686,Line,0.003303337341964291,-0.0009244894971145979
Line.line_edge-000687,Line,0.018721326686342743,-0.005233767927720943
Line.line_edge-000688,Line,0.0003582190840643307,-0.0015881925054318344
Line.line_edge-000689,Line,0.002030376775066543,-0.008998011127840983
Line.line_edge-000690,Line,0.00011976734692689206,-0.0017593652934478996
Line.line_edge-000691,Line,0.0006798612862539813,-0.00998081500874332
Line.line_edge-000692,Line,1.4456319978779498e-06,-0.00381405513579759
Line.line_edge-000693,Line,8.218134934731056e-06,-0.021586980728861387
Line.line_edge-000694,Line,0.0002511976508930447,-0.0038626978839360272
Line.line_edge-000695,Line,0.0014245169861857646,-0.021886861609321035
Line.line_edge-000696,Line,3.5839745820882565e-05,-0.0041136497779105845
Line.line_edge-000697,Line,0.00020361735755691787,-0.0233099335043721
Line.line_edge-000698,Line,1.5182757373167987e-05,-0.0020797082147962554
Line.line_edge-000699,Line,8.629196101537672e-05,-0.01180240795422344
Line.line_edge-000700,Line,0.00027704000648844394,-0.004281861828387356
Line.line_edge-000701,Line,0.0015711941737241622,-0.024261728590747884
Line.line_edge-000702,Line,3.4192243859251904e-05,-0.002220358478404478
Line.line_edge-000703,Line,0.00019392744415472408,-0.01258131877869323
Line.line_edge-000704,Line,0.0076075176165468295,0.0025540978383796755
Line.line_edge-000705,Line,0.04317128699134628,0.01450417204324549
Line.line_edge-000706,Line,6.143362004877417e-05,-0.0023470901179719022
Line.line_edge-000707,Line,0.0003481705689746377,-0.013286421599850428
Line.line_edge-000708,Line,1.5171700387327292e-05,-0.0023976409369099658
Line.line_edge-000709,Line,8.605236130733829e-05,-0.013586168131268096
Line.line_edge-000710,Line,2.371131209383748e-05,-0.0024768868726079063
Line.line_edge-000711,Line,0.00013461241333425277,-0.01403481572041369
Line.line_edge-000712,Line,1.950883691142735e-05,-0.00257384251422377
Line.line_edge-000713,Line,0.00011080304926281315,-0.01459692750195677
Line.line_edge-000714,Line,4.742762862952077e-05,-0.0025929042310431213
Line.line_edge-000715,Line,0.00026892146281170425,-0.014692171702542509
Line.line_edge-000716,Line,3.472540154461079e-06,-0.00558588329702766
Line.line_edge-000717,Line,1.9766866542001786e-05,-0.03165299593047169
Line.line_edge-000718,Line,0.0003278806167784939,-0.010150108020026711
Line.line_edge-000719,Line,0.00185908671322683,-0.05751339428721517
Line.line_edge-000720,Line,0.0020734110004268585,-0.0019749782267517732
Line.line_edge-000721,Line,0.011738716922984168,-0.011170355856007518
Line.line_edge-000722,Line,1.47133466873548e-05,-0.010931981693726498
Line.line_edge-000723,Line,8.368104437175059e-05,-0.0619469202598665
Line.line_edge-000724,Line,6.794262539854934e-06,-0.006164714352486154
Line.line_edge-000725,Line,3.8861263829436284e-05,-0.03495869644293283
Line.line_edge-000726,Line,0.012911762417330466,0.0008701277126019704
Line.line_edge-000727,Line,0.07317464862416091,0.004958725977190625
Line.line_edge-000728,Line,0.00010430596533734704,-0.006433041064438548
Line.line_edge-000729,Line,0.0005915972244870746,-0.036415044072509034
Line.line_edge-000730,Line,0.0006584805416391797,-0.06436230227347339
Line.line_edge-000736,Line,6.436766849972822e-05,-0.0015597719921416288
Line.line_edge-000738,Line,1.3948305856751624e-05,-0.002635068387442548
Line.line_edge-000739,Line,-3.321491107659771e-10,-0.0060106671509406705
Line.line_edge-000740,Line,0.9834902300457864,2.0618715596865265
Line.line_edge-000741,Line,1.9669808469480523,4.123745655596695
Line.line_edge-000745,Line,0.00044100350711018303,-0.0029198591411323865
Line.line_edge-000747,Line,8.756281616790209e-05,-0.004242221949034081
Line.line_edge-000748,Line,0.00022844686320478024,-0.00174157115779827
Line.line_edge-000749,Line,0.001294595102037117,-0.009868658150895805
Line.line_edge-000750,Line,7.24966603221805e-06,-0.002507974032901073
Line.line_edge-000751,Line,4.0896879637430064e-05,-0.014143254649301887
Line.line_edge-000753,Line,0.00018272736633116436,-0.0052596568268813825
Line.line_edge-000754,Line,0.0011100428846122462,-0.0013601169932126592
Line.line_edge-000755,Line,0.006304771295300448,-0.007722833661530673
Line.line_edge-000756,Line,3.7269862649048914e-06,-0.0045646729855483665
Line.line_edge-000757,Line,2.113434103770767e-05,-0.02586637155556601
Line.line_edge-000758,Line,5.233732145370595e-06,-0.0015292735125298123
Line.line_edge-000759,Line,2.9691006498524074e-05,-0.008665744052734339
Line.line_edge-000760,Line,5.5957340561652467e-05,-0.0033695870821138793
Line.line_edge-000761,Line,0.0003175463995085261,-0.01909363717409138
Line.line_edge-000762,Line,0.00237404831207823,0.0015023231517952808
Line.line_edge-000763,Line,0.01345357134861115,0.008516838507315697
Line.line_edge-000764,Line,4.720827781444115e-05,-0.00414330395662301
Line.line_edge-000765,Line,0.0002683179373393859,-0.023516839833643714
Line.line_edge-000766,Line,0.0006447686772444285,-0.0013960222010991857
Line.line_edge-000767,Line,0.0036485191685933387,-0.007896101993381307
Line.line_edge-000768,Line,0.001846059880735993,0.0001177801239718974
Line.line_edge-000769,Line,0.010461858630857022,0.0006723524895860465
Line.line_edge-000770,Line,3.3946732359468435e-05,-0.005267208499387049
Line.line_edge-000771,Line,0.00019243626578709108,-0.02981936690509248
Line.line_edge-000772,Line,0.00023146596547667287,-0.002807602306801982
Line.line_edge-000773,Line,0.0013139704107597936,-0.015926645267972616
Line.line_edge-000774,Line,0.006600862015516274,-0.0025588283162776976
Line.line_edge-000775,Line,0.037414196732604724,-0.014483684525299901
Line.line_edge-000776,Line,6.600078983471924e-05,-0.006346531921263399
Line.line_edge-000777,Line,0.0003740618833599001,-0.03592328758501844
Line.line_edge-000778,Line,0.0003132604177596727,-0.006578483467075497
Line.line_edge-000779,Line,0.001777087694854187,-0.03727386182217492
Line.line_edge-000780,Line,30.602202680824544,64.13711483948865
Line.line_edge-000784,Line,4.2698180456619107e-05,-0.002035831424832487
Line.line_edge-000786,Line,9.514035558606022e-05,-0.003951607971293982
Line.line_edge-000788,Line,0.0028156404342735185,-0.0020068280152318037
Line.line_edge-000789,Line,0.0012180551984056365,-4.004750644526212e-06
Line.line_edge-000790,Line,0.006902506228245329,-2.18978174852964e-05
Line.line_edge-000791,Line,0.0008739869501691012,-0.0011645004852463767
Line.line_edge-000792,Line,0.0049346137132501855,-0.00657328715006872
Line.line_edge-000793,Line,0.009645854418020463,0.003038064823689638
Line.line_edge-000794,Line,0.05478132389699749,0.017257792772266838
Line.line_edge-000795,Line,0.0020345015752398117,-0.0029833590428358487
Line.line_edge-000796,Line,0.011529586415814202,-0.01690293808049831
Line.line_edge-000797,Line,0.0001281048253153929,-0.0028628728665722287
Line.line_edge-000798,Line,0.0007274562949630771,-0.016248260740953067
Line.line_edge-000799,Line,4.741412998328087e-06,-0.001695026546164968
Line.line_edge-000800,Line,2.6858986857860146e-05,-0.009585288648226196
Line.line_edge-000801,Line,8.710657142546551e-05,-0.0017897586089875403
Line.line_edge-000802,Line,0.000493728737348647,-0.010141246870576652
Line.line_edge-000803,Line,2.152412693703809e-06,-0.00208004535329826
Line.line_edge-000804,Line,1.2251486110471888e-05,-0.011806475567495341
Line.line_edge-000805,Line,0.009374718914623372,0.003700075243039464
Line.line_edge-000806,Line,0.05318285894358996,0.021000498319677718
Line.line_edge-000807,Line,2.211015801094618e-06,-0.0024448308863291002
Line.line_edge-000808,Line,1.2557781695250015e-05,-0.01385387731544995
Line.line_edge-000809,Line,8.472934469864413e-06,-0.0026673224825684654
Line.line_edge-000810,Line,4.806863475596401e-05,-0.015100640522144658
Line.line_edge-000811,Line,0.011908180984217325,0.0007729844462592155
Line.line_edge-000812,Line,0.0674859719844535,0.004402244659362623
Line.line_edge-000813,Line,0.0011230207813314338,-0.002685151624272294
Line.line_edge-000814,Line,0.006358570422162302,-0.015191017402439683
Line.line_edge-000815,Line,3.676210802226176e-05,-0.006289512508483515
Line.line_edge-000816,Line,0.00020865823542590077,-0.035639248786156714
Line.line_edge-000817,Line,0.0006011882360105904,-0.011366864855418914
Line.line_edge-000818,Line,0.003411904057463193,-0.06447120528117237
Line.line_edge-000819,Line,20.141973876485906,42.18630605956589
Line.line_edge-000825,Line,0.00011933391915954416,-0.0018903816122829084
Line.line_edge-000827,Line,9.720002853191546e-05,-0.0028714173159876282
Line.line_edge-000828,Line,2.6373373415952805e-05,-0.001399209804652763
Line.line_edge-000829,Line,0.0001500187373265639,-0.00795506421964155
Line.line_edge-000830,Line,0.012128944771655369,0.0027596515581535643
Line.line_edge-000831,Line,0.06873191396848415,0.015642292209311563
Line.line_edge-000832,Line,1.2638919856651664e-05,-0.002205927708191156
Line.line_edge-000833,Line,7.158742124496665e-05,-0.012473548920512853
Line.line_edge-000834,Line,1.1487792359275772e-05,-0.001306913663865771
Line.line_edge-000835,Line,6.502978375829115e-05,-0.007392221490799784
Line.line_edge-000836,Line,0.0002133205219727117,-0.002789591740599935
Line.line_edge-000837,Line,0.0012112148805594647,-0.015831802921312997
Line.line_edge-000838,Line,1.0179259775153771e-06,-0.005741084389031538
Line.line_edge-000839,Line,5.771687111068352e-06,-0.03246534736698898
Line.line_edge-000840,Line,9.307815636950601e-06,-0.0036165346565930124
Line.line_edge-000841,Line,5.287768848297531e-05,-0.02049341039577475
Line.line_edge-000842,Line,0.0014339914485782873,-0.00326259986767797
Line.line_edge-000843,Line,0.00814200520843163,-0.018514710062085386
Line.line_edge-000844,Line,2.4195632358203766e-06,-0.004340213974625886
Line.line_edge-000845,Line,1.3821039405135002e-05,-0.024594351212539042
Line.line_edge-000846,Line,0.00034063409215553974,-0.004596629823332206
Line.line_edge-000847,Line,0.0019299129812942251,-0.026019293340115775
Line.line_edge-000848,Line,0.001401005894160452,-0.0040657448874213496
Line.line_edge-000849,Line,0.00794181057262104,-0.02303328861794566
Line.line_edge-000850,Line,0.0026368215885834876,-0.008727094248652001
Line.line_edge-000851,Line,0.014946176868013845,-0.0494409101737953
Line.line_edge-000852,Line,3.891579740490591e-06,-0.005832178664827435
Line.line_edge-000853,Line,2.2249488847236545e-05,-0.03301065519133185
Line.line_edge-000854,Line,0.0033427132993470625,-0.005003435951372331
Line.line_edge-000855,Line,0.018930843071708954,-0.028308862848428377
Line.line_edge-000856,Line,0.006486971142381662,0.006078286684489285
Line.line_edge-000857,Line,0.0367619955673581,0.03445800814004906
Line.line_edge-000858,Line,13.619576958012997,28.499101442854123
Line.line_edge-000862,Line,2.025713801440523e-05,-0.003885157593084493
Line.line_edge-000863,Line,0.0010081121858092957,0.00026839919932899645
Line.line_edge-000864,Line,0.005712695418653311,0.0015211789102613693
Line.line_edge-000865,Line,1.7753852222602395e-05,-0.001840107993509866
Line.line_edge-000866,Line,0.00010060105489057907,-0.010427217603600486
Line.line_edge-000868,Line,0.0037135548873920925,-0.002402090534229501
Line.line_edge-000869,Line,1.7391996698457034e-05,-0.0017473378099911638
Line.line_edge-000870,Line,9.863552916907716e-05,-0.009901441305307446
Line.line_edge-000871,Line,0.0007179662461775079,-0.0017307745560111475
Line.line_edge-000872,Line,0.004078110044846157,-0.009828167798806563
Line.line_edge-000873,Line,0.0015878144784452143,-0.0016484060497036488
Line.line_edge-000874,Line,0.0090157288601613,-0.009356265360029424
Line.line_edge-000875,Line,0.0003429975909129528,-0.0027370738655874706
Line.line_edge-000876,Line,0.0019475036703955457,-0.015533444688177028
Line.line_edge-000877,Line,7.19837135594017e-05,-0.0032105536596951333
Line.line_edge-000878,Line,0.00040765090846983843,-0.01816661696050871
Line.line_edge-000879,Line,0.0007753541505309071,-0.00515988575387105
Line.line_edge-000880,Line,0.004394137413058705,-0.029236892695564447
Line.line_edge-000881,Line,0.010078264474243042,0.004434633451295667
Line.line_edge-000882,Line,0.057112500588205876,0.02513928586777183
Line.line_edge-000883,Line,1.185306786042184e-05,-0.007788123572356667
Line.line_edge-000884,Line,6.743265113705817e-05,-0.044199072361780826
Line.line_edge-000885,Line,0.004583170347990851,-0.0012889246492905357
Line.line_edge-000886,Line,0.02597585597082166,-0.007294227068103375
Line.line_edge-000887,Line,2.274938508411317e-06,-0.005008561487508505
Line.line_edge-000888,Line,1.3012212076870485e-05,-0.028407878077252303
Line.line_edge-000889,Line,0.011929978645974188,0.0024147046795878853
Line.line_edge-000890,Line,0.06769131976313657,0.013718708543758111
Line.line_edge-000891,Line,0.00043859274803927973,-0.01012236206554617
Line.line_edge-000892,Line,0.0024843606521974854,-0.05728853422366754
Line.line_edge-000893,Line,0.005233392121517104,0.002109116643589502
Line.line_edge-000894,Line,0.029659935117527833,0.011967208450047551
Line.line_edge-000895,Line,0.02374333823136112,0.0069001740533713015
Line.line_edge-000896,Line,0.1345549693847861,0.03913609058761358
Line.line_edge-000897,Line,5.405277634628189,11.261208218468788
Line.line_edge-000901,Line,2.488904156357678e-05,-0.002747053275729662
Line.line_edge-000903,Line,3.5709149796212875e-05,-0.004223171203212429
Line.line_edge-000905,Line,0.0005963525853603642,-0.002887236939402101
Line.line_edge-000907,Line,8.532641111742124e-06,-0.004187753972896644
Line.line_edge-000908,Line,0.00499863142326875,0.0007645457138718559
Line.line_edge-000909,Line,0.028327042749078227,0.004334920353905013
Line.line_edge-000910,Line,0.00392753432088648,0.00010412819248085725
Line.line_edge-000911,Line,0.02225693832988327,0.0005932188048645913
Line.line_edge-000912,Line,5.362900526961312e-06,-0.0012741863020013398
Line.line_edge-000913,Line,3.0417499700888585e-05,-0.007220272777807281
Line.line_edge-000914,Line,0.002754601032397659,-0.0019053126865864662
Line.line_edge-000915,Line,0.015636659958812887,-0.010809742650194519
Line.line_edge-000916,Line,3.175264576337833e-05,-0.003305852986870164
Line.line_edge-000917,Line,0.00018040311988418823,-0.018758576691535994
Line.line_edge-000918,Line,7.772075577850046e-05,-0.001719849974480894
Line.line_edge-000919,Line,0.0004405324446397572,-0.00974515204481122
Line.line_edge-000920,Line,0.001317644478418515,-0.001171592679391324
Line.line_edge-000921,Line,0.007455286305848859,-0.006624549151661995
Line.line_edge-000922,Line,2.930137933881527e-05,-0.007746965785505186
Line.line_edge-000923,Line,0.0001665490665076502,-0.043965192484324296
Line.line_edge-000924,Line,0.007763932392429683,-0.0007085606547632963
Line.line_edge-000925,Line,0.044003173071378285,-0.004002293753740751
Line.line_edge-000926,Line,0.0023223386408927466,-0.005563874731394378
Line.line_edge-000927,Line,0.013161306439090272,-0.03152123575723195
Line.line_edge-000928,Line,3.0667028054267573e-06,-0.0027524993770689436
Line.line_edge-000929,Line,1.7419918277028046e-05,-0.015597252920812594
Line.line_edge-000930,Line,0.00013270924083074042,-0.005732300127092191
Line.line_edge-000931,Line,0.0007530852959120691,-0.03248078700882446
Line.line_edge-000932,Line,0.00504767928054207,0.0042132272832313905
Line.line_edge-000933,Line,0.028605553641857115,0.023886746316522475
Line.line_edge-000934,Line,3.6515995679110346e-05,-0.003283718008889309
Line.line_edge-000935,Line,0.00020737649863895058,-0.01860614078538083
Line.line_edge-000936,Line,1.7065766295186722,3.4994628257421487
Line.line_edge-000940,Line,0.0010221663054689998,-0.0002500323419153574
Line.line_edge-000942,Line,1.9068093658617922e-06,-0.004438189987884503
Line.line_edge-000944,Line,0.00043034268416522535,-0.0029411420924288904
Line.line_edge-000946,Line,8.408477109151135e-05,-0.004182160518601904
Line.line_edge-000947,Line,0.0003217052282998598,-0.0012595726524130572
Line.line_edge-000948,Line,0.0018231472165345832,-0.007136981465268728
Line.line_edge-000950,Line,0.0006743057340281666,-0.005530915340445063
Line.line_edge-000951,Line,5.1018888999351475e-05,-0.0012192922917261058
Line.line_edge-000952,Line,0.0002897430944303778,-0.006921696806454293
Line.line_edge-000953,Line,0.006074756236369859,-0.0005940246547506049
Line.line_edge-000954,Line,0.03448290832788091,-0.0033658568125533293
Line.line_edge-000955,Line,0.007519832444602235,-0.0004137656949410449
Line.line_edge-000956,Line,0.042617545994518106,-0.0023371215324786217
Line.line_edge-000957,Line,0.0006136643282953042,-0.0031065822284594233
Line.line_edge-000958,Line,0.003478529690331925,-0.017601646193346823
Line.line_edge-000959,Line,8.043084931946198e-05,-0.006983823410690839
Line.line_edge-000960,Line,0.00045690321102917757,-0.03963994184860689
Line.line_edge-000961,Line,3.2286395112350874e-06,-0.002171629548284727
Line.line_edge-000962,Line,1.8353934007791396e-05,-0.012324236890698217
Line.line_edge-000963,Line,0.0038468093636547566,-0.0011653370576314047
Line.line_edge-000964,Line,0.021801373970454733,-0.0065937424196745266
Line.line_edge-000965,Line,1.2785533508682611e-05,-0.004975142663123155
Line.line_edge-000966,Line,7.277949736472298e-05,-0.028217835066416876
Line.line_edge-000967,Line,0.0009251254912742297,-0.0013659421966840456
Line.line_edge-000968,Line,0.005243092463206267,-0.007736190422445361
Line.line_edge-000969,Line,0.0025709255331203165,-0.0020939807559989276
Line.line_edge-000970,Line,0.01458828323718626,-0.011868385312543979
Line.line_edge-000971,Line,3.4134837788553087e-06,-0.006072691340071291
Line.line_edge-000972,Line,1.9522594500345434e-05,-0.034411534522008215
Line.line_edge-000973,Line,6.351097911839964e-06,-0.006505903968594296
Line.line_edge-000974,Line,3.63339819205996e-05,-0.036866199298447346
Line.line_edge-000975,Line,0.29381298731155764,0.5367886042067845
Line.line_edge-000979,Line,0.0010582159941259306,-0.0004077305970567977
Line.line_edge-000980,Line,0.0002616663950721461,-0.001278813070626374
Line.line_edge-000981,Line,0.0014828404659874652,-0.007246413951559169
Line.line_edge-000983,Line,2.099214871395816e-05,-0.00289480286605135
Line.line_edge-000984,Line,0.007367283860818133,0.001539973326085601
Line.line_edge-000985,Line,0.04194196223083418,0.00876921651851444
Line.line_edge-000986,Line,2.816576513894242e-05,-0.0018000716877096625
Line.line_edge-000987,Line,0.00016031796722754688,-0.010237019481601566
Line.line_edge-000988,Line,2.198194260561337e-06,-0.0020958442583431827
Line.line_edge-000989,Line,1.2470129784760408e-05,-0.011876392401288615
Line.line_edge-000990,Line,0.0008759709502996662,-0.001813082896721454
Line.line_edge-000991,Line,0.004973763880723093,-0.010291497913301202
Line.line_edge-000993,Line,0.005594711885969446,-0.005615227444268385
Line.line_edge-000994,Line,0.0036493722645616886,-0.0018778568832788682
Line.line_edge-000995,Line,0.02068343048859767,-0.010635855440710463
Line.line_edge-000996,Line,7.246444980876809e-05,-0.0036052416622026034
Line.line_edge-000997,Line,0.0004112460551567874,-0.020428807826760126
Line.line_edge-000998,Line,3.4589731952760606e-05,-0.003919209287389706
Line.line_edge-000999,Line,0.00019648754521037047,-0.022208154858895112
Line.line_edge-001000,Line,-1.4786549904378228e-10,-0.004298625458294904
Transformer.xfmr-000001,Transformer,0.37003539984393863,2.3128724244421175
Transformer.xfmr-000002,Transformer,0.09228656734379183,0.5768416070500553
Transformer.xfmr-000003,Transformer,0.1322199913169752,0.8264254234995697
Transformer.xfmr-000004,Transformer,0.026069588559487784,0.16294627099548098
Transformer.xfmr-000005,Transformer,0.06473729861354878,0.40465874028128385
Transformer.xfmr-000006,Transformer,0.012889127521597403,0.08056157935999977
Transformer.xfmr-000007,Transformer,0.054945993445078785,0.3434351379599548
Transformer.xfmr-000008,Transformer,0.12478324042261374,0.7799457342507794
Transformer.xfmr-000009,Transformer,0.2012999831563502,1.2582764353776583
Transformer.xfmr-000010,Transformer,0.2792343325486727,1.7453659271538053
Transformer.xfmr-000011,Transformer,0.08644925867689744,0.5403584305217318
Transformer.xfmr-000012,Transformer,0.20853066338553616,1.3033921620434266
Transformer.xfmr-000013,Transformer,0.009962679106619816,0.06227128231479355
Transformer.xfmr-000014,Transformer,0.12834153788226832,0.802185081978625
Transformer.xfmr-000015,Transformer,0.008318936422496336,0.05199789393108586
Transformer.xfmr-000016,Transformer,0.14907909980953263,0.9318452280323254
Transformer.xfmr-000017,Transformer,0.10248873211959289,0.6406050861675794
Transformer.xfmr-000018,Transformer,0.0037342938971778494,0.02334236882037635
Transformer.xfmr-000019,Transformer,0.12901092285304186,0.806368746971586
Transformer.xfmr-000020,Transformer,0.009849010083548819,0.06156085109249284
Transformer.xfmr-000021,Transformer,0.01087601402620021,0.06797962364882301
Transformer.xfmr-000022,Transformer,0.2545714667419234,1.5912229856947233
Transformer.xfmr-000023,Transformer,0.2871460357566248,1.7947632973229557
Transformer.xfmr-000024,Transformer,0.08130086969243712,0.5081606520380919
Transformer.xfmr-000025,Transformer,0.05568747365120362,0.3480693852908662
Transformer.xfmr-000026,Transformer,0.14392856772692175,0.8996543541024257
Transformer.xfmr-000027,Transformer,0.09465101574988512,0.5916193828360556
Transformer.xfmr-000028,Transformer,0.06107830167589418,0.38178999680430753
Transformer.xfmr-000029,Transformer,0.20675519340651227,1.2923712430778178
Transformer.xfmr-000030,Transformer,0.010292446989014934,0.06433233090963586
Transformer.xfmr-000031,Transformer,0.007219342826831962,0.0451239168178231
Transformer.xfmr-000032,Transformer,0.2862829865699896,1.7893691902398168
Transformer.xfmr-000033,Transformer,0.16454528974279675,1.0285087157448178
Transformer.xfmr-000034,Transformer,0.08636084608206147,0.5398058251987968
Transformer.xfmr-000035,Transformer,0.014210647291050918,0.08882411254150134
Transformer.xfmr-000036,Transformer,0.02148196851657849,0.1342774525634509
Transformer.xfmr-000037,Transformer,0.006036739282986673,0.03773416706920705
Transformer.xfmr-000038,Transformer,0.008573536646464163,0.0535891447380568
Transformer.xfmr-000039,Transformer,0.14904149580199738,0.9316102047638051
Transformer.xfmr-000040,Transformer,0.22554510691981705,1.4097574451661312
Transformer.xfmr-000041,Transformer,0.008279649300238362,0.051752349274094965
Transformer.xfmr-000042,Transformer,0.19354571905148624,1.2097361924598662
Transformer.xfmr-000043,Transformer,0.23153839983478247,1.4472155604909567
Transformer.xfmr-000044,Transformer,0.0244333093416808,0.15272332269465824
Transformer.xfmr-000045,Transformer,0.011636183322139004,0.07273068036673067
Transformer.xfmr-000046,Transformer,0.010958445751037289,0.06849468395674399
Transformer.xfmr-000047,Transformer,0.005066766329716984,0.031670226188526725
Transformer.xfmr-000048,Transformer,0.15305785324065074,0.9567094004540668
Transformer.xfmr-000049,Transformer,0.016468409237159903,0.10293489111514419
Transformer.xfmr-000050,Transformer,0.029470221573486922,0.18421092939432582
Transformer.xfmr-000051,Transformer,0.041944895422155244,0.26218498279139657
Transformer.xfmr-000052,Transformer,0.05643003965437674,0.35273685357101203
Transformer.xfmr-000053,Transformer,0.1203391012315551,0.7521683438140936
Transformer.xfmr-000054,Transformer,0.10880652177883167,0.6800897484344823
Transformer.xfmr-000055,Transformer,0.03370317831838474,0.2106595294439285
Transformer.xfmr-000056,Transformer,0.010751642144833568,0.0672021617470939
Transformer.xfmr-000057,Transformer,0.05425212504644151,0.3391051374240315
Transformer.xfmr-000058,Transformer,0.044961876641114944,0.28103373704392287
Transformer.xfmr-000059,Transformer,0.00589689394468769,0.03685999604181848
Transformer.xfmr-000060,Transformer,0.0955019667961751,0.5969607528676552
Transformer.xfmr-000061,Transformer,0.006454946008537718,0.04034634609773423
Transformer.xfmr-000062,Transformer,0.02057363518646707,0.12859622779571372
Transformer.xfmr-000063,Transformer,0.059762829663817685,0.37354702983977406
Transformer.xfmr-000064,Transformer,0.03539076794832181,0.2212069607868075
Transformer.xfmr-000065,Transformer,0.009521125410125933,0.05951143450601035
Transformer.xfmr-000066,Transformer,0.04435493655012215,0.27724035934715086
Transformer.xfmr-000067,Transformer,0.005894859918634211,0.03684580911880528
Transformer.xfmr-000068,Transformer,0.07798179274604262,0.487435254854734
Transformer.xfmr-000069,Transformer,0.03471683424553885,0.21700960848034628
Transformer.xfmr-000070,Transformer,0.005313787685849092,0.033214108972654005
Transformer.xfmr-000071,Transformer,0.010650188985438945,0.06657102733404759
Transformer.xfmr-000072,Transformer,0.012927578591010389,0.0808047065224755
Transformer.xfmr-000073,Transformer,0.011397873160687595,0.07124110430171436
Transformer.xfmr-000074,Transformer,0.14454383497445086,0.9034966939774022
Transformer.xfmr-000075,Transformer,0.008961057002303277,0.05601395660539879
Transformer.xfmr-000076,Transformer,0.04563134043336322,0.28522524745389727
Transformer.xfmr-000077,Transformer,0.01732396696125761,0.10828580805938327
Transformer.xfmr-000078,Transformer,0.04871637356186329,0.3044993284490802
Transformer.xfmr-000079,Transformer,0.29504736678602056,1.8441922521751768
Transformer.xfmr-000080,Transformer,0.35864414607721845,2.2416722300365874
Transformer.xfmr-000081,Transformer,0.3240857117434498,2.0256817900702444
Transformer.xfmr-000082,Transformer,0.08610520119979628,0.538206485544184
Transformer.xfmr-000083,Transformer,0.24440048416677745,1.5276004563825918
Transformer.xfmr-000084,Transformer,0.06751821983972696,0.42203794557751645
Transformer.xfmr-000085,Transformer,0.057450754523364594,0.3591163121829923
Transformer.xfmr-000086,Transformer,0.06205794630056334,0.38791123279128803
Transformer.xfmr-000087,Transformer,0.34090057356937903,2.1307748835976743
Transformer.xfmr-000088,Transformer,0.02720115380745119,0.17002188719352263
Transformer.xfmr-000089,Transformer,0.0200298603311594,0.1252013207517316
Transformer.xfmr-000090,Transformer,0.2817408326735313,1.761026837899328
Transformer.xfmr-000091,Transformer,0.19299180974077898,1.2063419555428991
Transformer.xfmr-000092,Transformer,0.04861272695389198,0.30385097153683
Transformer.xfmr-000093,Transformer,0.00779473245013196,0.048721367486866486
Transformer.xfmr-000094,Transformer,0.012207621681378442,0.07630478667727425
Transformer.xfmr-000095,Transformer,0.00442062464734181,0.02763176547771718
Transformer.xfmr-000096,Transformer,0.10229018721349711,0.6393613864316466
Transformer.xfmr-000097,Transformer,0.0800046223998288,0.5000766617235004
Transformer.xfmr-000098,Transformer,0.11958627424313453,0.7475095369618903
Transformer.xfmr-000099,Transformer,0.092908356673448,0.5807488030272234
Transformer.xfmr-000100,Transformer,0.07999531026232216,0.49999922494590826
Transformer.xfmr-000101,Transformer,0.19193841871928452,1.1996864427188703
Transformer.xfmr-000102,Transformer,0.3248280218299915,2.0303179452271363
Transformer.xfmr-000103,Transformer,0.07267241590830963,0.45425038155463154
Transformer.xfmr-000104,Transformer,0.012049907280716525,0.07531620169982785
Transformer.xfmr-000105,Transformer,0.01039648449989545,0.06498231231655405
Transformer.xfmr-000106,Transformer,0.016485914626216982,0.10304410799055859
Transformer.xfmr-000107,Transformer,0.2603691108063504,1.6274498845934977
Transformer.xfmr-000108,Transformer,0.043805047112186,0.27381015776197726
Transformer.xfmr-000109,Transformer,0.027208584880932904,0.1700751303379693
Transformer.xfmr-000110,Transformer,0.01912141654480729,0.11951599041972986
Transformer.xfmr-000111,Transformer,0.08741893089286168,0.5464160684645977
Transformer.xfmr-000112,Transformer,0.020091688466291998,0.12558736459189412
Transformer.xfmr-000113,Transformer,0.11331146695715143,0.7082681861170659
Transformer.xfmr-000114,Transformer,0.2928664352444466,1.8305580528798746
Transformer.xfmr-000115,Transformer,0.03960908558481788,0.24758540333128803
Transformer.xfmr-000116,Transformer,0.011052336121184907,0.069081383712371
Transformer.xfmr-000117,Transformer,0.051161756234259885,0.3197823974147059
Transformer.xfmr-000118,Transformer,0.01652690700299081,0.10330031067258393
Transformer.xfmr-000119,Transformer,0.17041553255297914,1.0651921892831597
Transformer.xfmr-000120,Transformer,0.15270508297414198,0.9544781734410172
Transformer.xfmr-000121,Transformer,0.005882738254204924,0.03676997227839763
Transformer.xfmr-000122,Transformer,0.20724771210645848,1.2953932521727256
Transformer.xfmr-000123,Transformer,0.08933929567708401,0.5584420920855664
Transformer.xfmr-000124,Transformer,0.012619714650975765,0.07888036643536543
Transformer.xfmr-000125,Transformer,0.012775631598614381,0.07985843640888743
Transformer.xfmr-000126,Transformer,0.09060177529404609,0.5663088170231313
Transformer.xfmr-000127,Transformer,0.006957042040236047,0.0434858040184173
Transformer.xfmr-000128,Transformer,0.028697609702405317,0.17938153137167637
Transformer.xfmr-000129,Transformer,0.003651127958744382,0.022822413133176952
Transformer.xfmr-000130,Transformer,0.029507726313680906,0.18443757659668655
Transformer.xfmr-000131,Transformer,0.009811690549443483,0.06133022197721948
Transformer.xfmr-000132,Transformer,0.019143706766973082,0.1196553032157533
Transformer.xfmr-000133,Transformer,0.021903930420274265,0.13691028031518862
Transformer.xfmr-000134,Transformer,0.011797262931186197,0.0737400449411657
Transformer.xfmr-000135,Transformer,0.014795125991414353,0.09247668184535474
Transformer.xfmr-000136,Transformer,0.16215607180437655,1.0136154371823287
Transformer.xfmr-000137,Transformer,0.12963586909697916,0.8102707735136937
Transformer.xfmr-000138,Transformer,0.026118542398078717,0.1632548648700572
Transformer.xfmr-000139,Transformer,0.02516313124237331,0.1572800397729161
Transformer.xfmr-000140,Transformer,0.03473859252938746,0.21714419342623023
Transformer.xfmr-000141,Transformer,0.02602453742018952,0.16266733342282852
Transformer.xfmr-000142,Transformer,0.01973977382542489,0.12338406708144112
Transformer.xfmr-000143,Transformer,0.1276406306696226,0.7978005356177728
Transformer.xfmr-000144,Transformer,0.14154382431118576,0.8847187473308149
Transformer.xfmr-000145,Transformer,0.17254705366066628,1.0785121501728354
Transformer.xfmr-000146,Transformer,0.02118664759945841,0.13243053283044445
Transformer.xfmr-000147,Transformer,0.03392598343984173,0.21205836839360745
Transformer.xfmr-000148,Transformer,0.18006946539319324,1.1255271647769514
Transformer.xfmr-000149,Transformer,0.12543544175174612,0.7840413865139125
Transformer.xfmr-000150,Transformer,0.0032324588739111276,0.020205667756102285
Transformer.xfmr-000151,Transformer,0.05255803696245311,0.32850866252552985
Transformer.xfmr-000152,Transformer,0.24615535153690143,1.5385637567670238
Transformer.xfmr-000153,Transformer,0.18506071160828289,1.156769231761169
Transformer.xfmr-000154,Transformer,0.18558812873358693,1.1600188105829583
Transformer.xfmr-000155,Transformer,0.008934499399681044,0.0558476184321139
Transformer.xfmr-000156,Transformer,0.023145034258752275,0.14466693748639228
Transformer.xfmr-000157,Transformer,0.10749287186218134,0.671900363330029
Transformer.xfmr-000158,Transformer,0.30496385512451524,1.9061635803697137
Transformer.xfmr-000159,Transformer,0.32321508537381305,2.0202338328082186
Transformer.xfmr-000160,Transformer,0.02509234506638313,0.1568376244255719
Transformer.xfmr-000161,Transformer,0.0893416247624773,0.5584551130649579
Transformer.xfmr-000162,Transformer,0.0563733678348799,0.3523544753528604
Transformer.xfmr-000163,Transformer,0.06811693954937437,0.425777578967256
Transformer.xfmr-000164,Transformer,0.007984575651495561,0.0499105966929028
Transformer.xfmr-000165,Transformer,0.005567122408720934,0.034797309135786915
Transformer.xfmr-000166,Transformer,0.004691316063702743,0.02932352154243563
Transformer.xfmr-000167,Transformer,0.3507050716026133,2.1920460175305196
Transformer.xfmr-000168,Transformer,0.3447127896647726,2.1545942544648935
Transformer.xfmr-000169,Transformer,0.04457109603707795,0.2785973112397469
Transformer.xfmr-000170,Transformer,0.0077287077235214385,0.04830721327545496
Transformer.xfmr-000171,Transformer,0.0724882184374037,0.45309805684972526
Transformer.xfmr-000172,Transformer,0.04035106722646742,0.2522151181460649
Transformer.xfmr-000173,Transformer,0.020876611578995834,0.13049280832336946
Transformer.xfmr-000174,Transformer,0.1904399583909908,1.1903193834472403
Transformer.xfmr-000175,Transformer,0.028530169057226884,0.1783345415053236
Transformer.xfmr-000176,Transformer,0.016630396665871558,0.10395397383417822
Transformer.xfmr-000177,Transformer,0.08344017448928935,0.5215477438470898
Transformer.xfmr-000178,Transformer,0.011937790989895348,0.07461537802315456
Transformer.xfmr-000179,Transformer,0.018338504950049354,0.11462263211028881
Transformer.xfmr-000180,Transformer,0.024404489397426003,0.15253852893088835
Transformer.xfmr-000181,Transformer,0.007210500203651464,0.04506836929265989
Transformer.xfmr-000182,Transformer,0.010851226434650016,0.0678242796857121
Transformer.xfmr-000183,Transformer,0.08830028946907623,0.5519226805368816
Transformer.xfmr-000184,Transformer,0.004213998165253088,0.026340237578840516
Transformer.xfmr-000185,Transformer,0.049286263641641195,0.3080597289261059
Transformer.xfmr-000186,Transformer,0.005988341370323723,0.03742987893326801
Transformer.xfmr-000187,Transformer,0.03450121957749434,0.2156532342917253
Transformer.xfmr-000188,Transformer,0.1723640262632398,1.0774126849836647
Transformer.xfmr-000189,Transformer,0.02414057131304071,0.150888862293747
Transformer.xfmr-000190,Transformer,0.10327158243833401,0.6455161166883463
Transformer.xfmr-000191,Transformer,0.00747824067458987,0.04674174673111179
Transformer.xfmr-000192,Transformer,0.06747753062501215,0.42178048311823296
Transformer.xfmr-000193,Transformer,0.0035618643271338895,0.02226440290708689
Transformer.xfmr-000194,Transformer,0.025831342865665647,0.1614561806804909
Transformer.xfmr-000195,Transformer,0.09200414981265931,0.5750946856290884
Transformer.xfmr-000196,Transformer,0.18907389997897553,1.1818492614821152
Transformer.xfmr-000197,Transformer,0.05680897652976637,0.3550835537067333
Transformer.xfmr-000198,Transformer,0.007013704159674034,0.04383839424629753
Transformer.xfmr-000199,Transformer,0.014453405103457953,0.09034409409645514
Transformer.xfmr-000200,Transformer,0.004335951736397192,0.0271024472369387
Transformer.xfmr-000201,Transformer,0.21959819272730965,1.3725800154209318
Transformer.xfmr-000202,Transformer,0.028779069346620417,0.17987946559726425
Transformer.xfmr-000203,Transformer,0.019509842883640886,0.12194681902150842
Transformer.xfmr-000204,Transformer,0.01820514825522605,0.11379592872257809
Transformer.xfmr-000205,Transformer,0.011789284349544687,0.07369334654622275
Transformer.xfmr-000206,Transformer,0.0039908428306353015,0.024945517471197377
Transformer.xfmr-000207,Transformer,0.06001177252507114,0.3751194995257938
Transformer.xfmr-000208,Transformer,0.10144339612227123,0.6340670480831614
Transformer.xfmr-000209,Transformer,0.08887239864050935,0.5555212446387832
Transformer.xfmr-000210,Transformer,0.007842324877529335,0.04901865066694972
Transformer.xfmr-000211,Transformer,0.30774431710960926,1.9235390641836565
Transformer.xfmr-000212,Transformer,0.13975020346749079,0.8735073987761552
Transformer.xfmr-000213,Transformer,0.005806042059937226,0.03629188780193624
Transformer.xfmr-000214,Transformer,0.03370680317142796,0.2106812355271536
Transformer.xfmr-000215,Transformer,0.023527650095015815,0.14705810542854078
Transformer.xfmr-000216,Transformer,0.06395001483080705,0.399715030305274
Transformer.xfmr-000217,Transformer,0.03591176887522488,0.2244760603193472
Transformer.xfmr-000218,Transformer,0.013359759044138627,0.08350880941991182
Transformer.xfmr-000219,Transformer,0.18540025527709075,1.1588200809755218
Transformer.xfmr-000220,Transformer,0.047244281181730914,0.29530423311097637
Transformer.xfmr-000221,Transformer,0.21414564763457747,1.3385473870663445
Transformer.xfmr-000222,Transformer,0.12842690689851588,0.8027367448211098
Transformer.xfmr-000223,Transformer,0.19974085201056732,1.2484716895483217
Transformer.xfmr-000224,Transformer,0.12641781039740455,0.7901570297546204
Transformer.xfmr-000225,Transformer,0.006341583512677971,0.03963902061544183
Transformer.xfmr-000226,Transformer,0.36441677243402226,2.277740092887856
Transformer.xfmr-000227,Transformer,0.052293260443861074,0.3268782086402189
Transformer.xfmr-000228,Transformer,0.008059790702455757,0.050377755484171644
Transformer.xfmr-000229,Transformer,0.05759545996948873,0.359998706352676
Transformer.xfmr-000230,Transformer,0.11438048484289902,0.7149683795453893
Transformer.xfmr-000231,Transformer,0.059599327704541794,0.37254110508148913
Transformer.xfmr-000232,Transformer,0.03556812564423126,0.2223211127826844
Transformer.xfmr-000233,Transformer,0.018807055547825257,0.11755085930662858
Transformer.xfmr-000234,Transformer,0.09303766301774521,0.5815306149690441
Transformer.xfmr-000235,Transformer,0.12245949160328018,0.7654169961333118
Transformer.xfmr-000236,Transformer,0.2207730250263121,1.379921484661645
Transformer.xfmr-000237,Transformer,0.0074399435860595985,0.04650371228336439
Transformer.xfmr-000238,Transformer,0.1090253575968527,0.6814536772191931
Transformer.xfmr-000239,Transformer,0.15522539964348833,0.9702944448007147
Transformer.xfmr-000240,Transformer,0.03446928859594118,0.21546018523529983
Transformer.xfmr-000241,Transformer,0.16901315128055286,1.0563997916692716
Transformer.xfmr-000242,Transformer,0.02471908887179052,0.15450445483090697
Transformer.xfmr-000243,Transformer,0.029540881290227843,0.18465084896941425
Transformer.xfmr-000244,Transformer,0.08781588284280951,0.548894506570441
Transformer.xfmr-000245,Transformer,0.0056227684460679935,0.035145011328719764
Transformer.xfmr-000246,Transformer,0.05229113158353357,0.3268398631165601
Transformer.xfmr-000247,Transformer,0.09329984963041352,0.5831692693737514
Transformer.xfmr-000248,Transformer,0.004717384130394749,0.029486361274557567
Transformer.xfmr-000249,Transformer,0.113498201746188,0.7094314960980792
Transformer.xfmr-000250,Transformer,0.2385261842506734,1.4909240927699465
Transformer.xfmr-000251,Transformer,0.09765407265113754,0.6103831709523074
Transformer.xfmr-000252,Transformer,0.2320590074276988,1.4504588576234128
Transformer.xfmr-000253,Transformer,0.12218517861206783,0.7637250851133558
Transformer.xfmr-000254,Transformer,0.030022829202422146,0.18766302240980257
Transformer.xfmr-000255,Transformer,0.13168794736583367,0.8231399595620423
Transformer.xfmr-000256,Transformer,0.01582486458744006,0.09891217034002807
Transformer.xfmr-000257,Transformer,0.06693469707193798,0.41836890081692035
Transformer.xfmr-000258,Transformer,0.08573959034684231,0.5359402167728095
Transformer.xfmr-000259,Transformer,0.024642522909702164,0.1540361193443964
Transformer.xfmr-000260,Transformer,0.05560910025002158,0.34758394945548754
Transformer.xfmr-000261,Transformer,0.11954829489077383,0.7472671496664006
Transformer.xfmr-000262,Transformer,0.11256513286167319,0.7035772636746933
Transformer.xfmr-000263,Transformer,0.10657103127692971,0.6661366909867847
Transformer.xfmr-000264,Transformer,0.017917206995880407,0.11199610906696353
Transformer.xfmr-000265,Transformer,0.010881528151703151,0.06801360874632383
Transformer.xfmr-000266,Transformer,0.009166236180426949,0.05729575810725896
Transformer.xfmr-000267,Transformer,0.13826881419401615,0.8642703088164162
Transformer.xfmr-000268,Transformer,0.009006233193178559,0.05629574013434785
Transformer.xfmr-000269,Transformer,0.01301901612994061,0.08137902372097255
Transformer.xfmr-000270,Transformer,0.15538695958672907,0.9713038774335946
Transformer.xfmr-000271,Transformer,0.03212014167486632,0.20077780713315316
Transformer.xfmr-000272,Transformer,0.005501782895204542,0.034390179539016005
Transformer.xfmr-000273,Transformer,0.012014333012675706,0.07509967700347851
Transformer.xfmr-000274,Transformer,0.18296848519334163,1.1436424987048521
Transformer.xfmr-000275,Transformer,0.005921148059383995,0.03700986127525175
Transformer.xfmr-000276,Transformer,0.011456125641868311,0.07160750715381914
Transformer.xfmr-000277,Transformer,0.0319095358686518,0.19945476947727367
Transformer.xfmr-000278,Transformer,0.05085100896783479,0.31784568000844593
Transformer.xfmr-000279,Transformer,0.1736170187586322,1.0851734591828825
Transformer.xfmr-000280,Transformer,0.017022912145428563,0.10639991132440219
Transformer.xfmr-000281,Transformer,0.023760845316053745,0.148525472978974
Transformer.xfmr-000282,Transformer,0.18473004481014504,1.154697300279222
Transformer.xfmr-000283,Transformer,0.06541418765486379,0.40888359383519307
Transformer.xfmr-000284,Transformer,0.014765971734827871,0.09229741088471428
Transformer.xfmr-000285,Transformer,0.0404850988078706,0.2530520177639255
Transformer.xfmr-000286,Transformer,0.0046858297702035544,0.029289124579518443
Transformer.xfmr-000287,Transformer,0.01594498563315392,0.09966962047603056
Transformer.xfmr-000288,Transformer,0.11234280168825353,0.7022097076814152
Transformer.xfmr-000289,Transformer,0.038795617647592734,0.24249276239085066
Transformer.xfmr-000290,Transformer,0.012684816310723364,0.07929019500455593
Transformer.xfmr-000291,Transformer,0.06720160747874979,0.4200368858146412
Transformer.xfmr-000292,Transformer,0.0047854984377590885,0.029913403421189286
Transformer.xfmr-000293,Transformer,0.07213383333866659,0.4508632824265333
Transformer.xfmr-000294,Transformer,0.0033708968642472427,0.02107079702961272
Transformer.xfmr-000295,Transformer,0.338597317841035,2.1163673742215616
Transformer.xfmr-000296,Transformer,0.11833954879084195,0.7396669516621424
Transformer.xfmr-000297,Transformer,0.01127683114328829,0.07048421871302116
Transformer.xfmr-000298,Transformer,0.10946247589252743,0.684185298977467
Transformer.xfmr-000299,Transformer,0.03195575415569146,0.1997368850645671
Transformer.xfmr-000300,Transformer,0.005748717069607892,0.03593216783414709
Transformer.xfmr-000301,Transformer,0.016084704979619346,0.10053611797928784
Transformer.xfmr-000302,Transformer,0.013162210544526716,0.08227390714675539
Transformer.xfmr-000303,Transformer,0.01307900640797743,0.08175050763269064
Transformer.xfmr-000304,Transformer,0.03846342440314038,0.24041655427994557
Transformer.xfmr-000305,Transformer,0.22777544527640567,1.4236857964402152
Transformer.xfmr-000306,Transformer,0.12220238332916052,0.7638320391782563
Transformer.xfmr-000307,Transformer,0.22695054603721657,1.4185751828629
Transformer.xfmr-000308,Transformer,0.008598061827840411,0.053741915540434775
Transformer.xfmr-000309,Transformer,0.020200927924637655,0.12626924866960418
Transformer.xfmr-000310,Transformer,0.005296557568290609,0.033107521501589306
Transformer.xfmr-000311,Transformer,0.049464163065549654,0.30917789061784334
Transformer.xfmr-000312,Transformer,0.03512628558389952,0.2195594404489875
Transformer.xfmr-000313,Transformer,0.009739721042757991,0.06087998122597037
Transformer.xfmr-000314,Transformer,0.01675049189647598,0.10470065668323787
Transformer.xfmr-000315,Transformer,0.14853331568699651,0.9284227073750771
Transformer.xfmr-000316,Transformer,0.0427321410249915,0.26710265909155895
Transformer.xfmr-000317,Transformer,0.04497104050602502,0.2810957756555736
Transformer.xfmr-000318,Transformer,0.014815485704980346,0.09260347113705734
Transformer.xfmr-000319,Transformer,0.20722099758857804,1.29526512565562
Transformer.xfmr-000320,Transformer,0.010738191254252797,0.06711770282694601
Transformer.xfmr-000321,Transformer,0.010682468504774533,0.06676943599844276
Transformer.xfmr-000322,Transformer,0.08264707436472235,0.516588901616682
Transformer.xfmr-000323,Transformer,0.021196441289706856,0.13249114641236748
Transformer.xfmr-000324,Transformer,0.08686705197694392,0.5429637527618779
Transformer.xfmr-000325,Transformer,0.3381060253413452,2.1132962124303085
Transformer.xfmr-000326,Transformer,0.09623753888960346,0.6015292795576952
Transformer.xfmr-000327,Transformer,0.0065285392885575675,0.04080604352829084
Transformer.xfmr-000328,Transformer,0.17276702069656313,1.0798829635853036
Transformer.xfmr-000329,Transformer,0.021247980090955024,0.1328099052450043
Transformer.xfmr-000330,Transformer,0.13667167088962742,0.8542870483088918
Transformer.xfmr-000331,Transformer,0.15411839443675854,0.9633067690193511
Transformer.xfmr-000332,Transformer,0.0037626961615901565,0.023519529985953625
Transformer.xfmr-000333,Transformer,0.04478827494575853,0.27994677129511364
Transformer.xfmr-000334,Transformer,0.010241884175440646,0.06401578468817684
Transformer.xfmr-000335,Transformer,0.026116065284755678,0.16324550259667195
Transformer.xfmr-000336,Transformer,0.27837414669078137,1.7399719608420927
Transformer.xfmr-000337,Transformer,0.012528127459807366,0.078310846508037
Transformer.xfmr-000338,Transformer,0.006133872064143361,0.0383393741409368
Transformer.xfmr-000339,Transformer,0.1650113566876098,1.0314548951679534
Transformer.xfmr-000340,Transformer,0.05427926776063214,0.33926545497697863
Transformer.xfmr-000341,Transformer,0.017509762094263352,0.10944940855159757
Transformer.xfmr-000342,Transformer,0.007369870793426799,0.04606436388560348
Transformer.xfmr-000343,Transformer,0.04885519401053352,0.30536500565797176
Transformer.xfmr-000344,Transformer,0.01368897261823713,0.08556276595380131
Transformer.xfmr-000345,Transformer,0.009627380508021815,0.06017513774337544
Transformer.xfmr-000346,Transformer,0.04862203501330805,0.30390776185853063
Transformer.xfmr-000347,Transformer,0.018244749942929957,0.11403636548972759
Transformer.xfmr-000348,Transformer,0.19791044876402883,1.2370740387743608
Transformer.xfmr-000349,Transformer,0.01364982957385655,0.08531812151634154
Transformer.xfmr-000350,Transformer,0.012531957516403054,0.07833478432895685
Transformer.xfmr-000351,Transformer,0.008374574207002296,0.05234510068518682
Transformer.xfmr-000352,Transformer,0.00903383026364827,0.056468137032464484
Transformer.xfmr-000353,Transformer,0.026695220586459983,0.1668585044346846
Transformer.xfmr-000354,Transformer,0.008060239518495564,0.050380509883812014
Transformer.xfmr-000355,Transformer,0.0487987942036234,0.30501922000754983
Transformer.xfmr-000356,Transformer,0.08576476409411043,0.5360744188379886
Transformer.xfmr-000357,Transformer,0.009485476794773604,0.0592882398036769
Transformer.xfmr-000358,Transformer,0.006510886773034144,0.04069571525771039
Transformer.xfmr-000359,Transformer,0.16596125229878816,1.0373466798727968
Transformer.xfmr-000360,Transformer,0.02751777589948142,0.171999472370474
Transformer.xfmr-000361,Transformer,0.010818423340679147,0.06761915310601875
Transformer.xfmr-000362,Transformer,0.005088171916122519,0.03180509391823511
Transformer.xfmr-000363,Transformer,0.03425289384451389,0.21410738237278293
Transformer.xfmr-000364,Transformer,0.008290005582196955,0.051819234589987676
Transformer.xfmr-000365,Transformer,0.1122307524848511,0.7014927158026276
Transformer.xfmr-000366,Transformer,0.09051054195073811,0.5657414443893213
Transformer.xfmr-000367,Transformer,0.03692508322345202,0.2307968869521842
Transformer.xfmr-000368,Transformer,0.11350423341441637,0.7094519646375502
Transformer.xfmr-000369,Transformer,0.01247443169755934,0.0779727690820971
Transformer.xfmr-000370,Transformer,0.030618014179181044,0.19137392046868718
Transformer.xfmr-000371,Transformer,0.18324418594370945,1.1453517281248313
Transformer.xfmr-000372,Transformer,0.011701629579009023,0.07314275769369374
Transformer.xfmr-000373,Transformer,0.007705372077616175,0.04816311752144316
Transformer.xfmr-000374,Transformer,0.018365194613826134,0.1147938225980165
Transformer.xfmr-000375,Transformer,0.2077855212271388,1.2988109547831008
Transformer.xfmr-000376,Transformer,0.020572594000768732,0.12859386410169418
Transformer.xfmr-000377,Transformer,0.14030433991141036,0.8769525698873567
Transformer.xfmr-000378,Transformer,0.18369733821960835,1.148209120130916
Transformer.xfmr-000379,Transformer,0.026198490752623912,0.16375570561923586
Transformer.xfmr-000380,Transformer,0.03568070738672213,0.2230195364034862
Transformer.xfmr-000381,Transformer,0.2039132323581871,1.2745583287545705
Transformer.xfmr-000382,Transformer,0.04200908869807245,0.26257191061595675
Transformer.xfmr-000383,Transformer,0.055773988992084925,0.3486100999122027
Transformer.xfmr-000384,Transformer,0.13865523028982715,0.8666687608017019
Transformer.xfmr-000385,Transformer,0.02516062430239799,0.15726862196705133
Transformer.xfmr-000386,Transformer,0.042195012084664994,0.2637335116178474
Transformer.xfmr-000387,Transformer,0.11407225606666907,0.7130006934429748
Transformer.xfmr-000388,Transformer,0.20499826807492355,1.2813125952680093
Transformer.xfmr-000389,Transformer,0.12819288590439828,0.8013036449663705
Transformer.xfmr-000390,Transformer,0.3797096035357681,2.373331788639807
Transformer.xfmr-000391,Transformer,0.2123726490310655,1.327426953368409
Transformer.xfmr-000392,Transformer,0.03864662043433236,0.24157084291168213
Transformer.xfmr-000393,Transformer,0.006099830108383685,0.03812687980830844
Transformer.xfmr-000394,Transformer,0.0499036662612234,0.31191996655782167
Transformer.xfmr-000395,Transformer,0.00341355941686129,0.02133769437340038
Transformer.xfmr-000396,Transformer,0.27048425242720986,1.6906735252389553
Transformer.xfmr-000397,Transformer,0.00746294556570956,0.04664634878910329
Transformer.xfmr-000398,Transformer,0.0069669219781812895,0.043547679579799936
Transformer.xfmr-000399,Transformer,0.1806264370811914,1.1290129952560854
Transformer.xfmr-000400,Transformer,0.05353471229740535,0.3346213619897362
Transformer.xfmr-000401,Transformer,0.02337363311894842,0.14609993024517098
Transformer.xfmr-000402,Transformer,0.08005220135268974,0.5003556273402037
Transformer.xfmr-000403,Transformer,0.11690148785384372,0.730682277409558
Transformer.xfmr-000404,Transformer,0.018360708804442766,0.11476883132860893
Transformer.xfmr-000405,Transformer,0.062020575953418304,0.3876501291801123
Transformer.xfmr-000406,Transformer,0.01889497115627273,0.11810074928031326
Transformer.xfmr-000407,Transformer,0.02232635073373967,0.13955408330079308
Transformer.xfmr-000408,Transformer,0.36526232296330274,2.28303292735164
Transformer.xfmr-000409,Transformer,0.009240755906905634,0.057761924819210664
Transformer.xfmr-000410,Transformer,0.012435155969676998,0.07772403055127688
Transformer.xfmr-000411,Transformer,0.06359675380685803,0.3975084491528123
Transformer.xfmr-000412,Transformer,0.006266400561688897,0.03916787790182275
Transformer.xfmr-000413,Transformer,0.009076166835950517,0.056733243611330864
Transformer.xfmr-000414,Transformer,0.1279943773200648,0.8000127902599761
Transformer.xfmr-000415,Transformer,0.003380456822567794,0.021130736196113505
Transformer.xfmr-000416,Transformer,0.042695198174325925,0.26687376868098817
Transformer.xfmr-000417,Transformer,0.09615109218733414,0.6010162851152764
Transformer.xfmr-000418,Transformer,0.11634830330042314,0.7272248274613903
Transformer.xfmr-000419,Transformer,0.0040606275124544025,0.0253818011843191
Transformer.xfmr-000420,Transformer,0.12924135354297323,0.8078063576743353
Transformer.xfmr-000421,Transformer,0.31510620930735606,1.9695573603379817
Transformer.xfmr-000422,Transformer,0.11099232386953373,0.6937961655966246
Transformer.xfmr-000423,Transformer,0.024101895600937496,0.15065805337093935
Transformer.xfmr-000424,Transformer,0.16965939827541296,1.0605125597496226
Transformer.xfmr-000425,Transformer,0.04429234438882486,0.2768483102362734
Transformer.xfmr-000426,Transformer,0.11609289642406656,0.725627668475734
Transformer.xfmr-000427,Transformer,0.015613702929044848,0.09759623662343074
Transformer.xfmr-000428,Transformer,0.12059751398271328,0.7537815184212668
Transformer.xfmr-000429,Transformer,0.11368561497503833,0.7106291869859052
Transformer.xfmr-000430,Transformer,0.06949671781118014,0.43438267020619603
Transformer.xfmr-000431,Transformer,0.03836102735945133,0.2397705080824512
Transformer.xfmr-000432,Transformer,0.16973640607114793,1.0609230020817448
Transformer.xfmr-000433,Transformer,0.31894526400241013,1.9935487012914237
Transformer.xfmr-000434,Transformer,0.010728032829432778,0.06705443293860026
Transformer.xfmr-000435,Transformer,0.16725624238647288,1.0454927363594797
Transformer.xfmr-000436,Transformer,0.004006473213608842,0.02504328289852174
Transformer.xfmr-000437,Transformer,0.1837409757363057,1.1485221066401792
Transformer.xfmr-000438,Transformer,0.0404337863337696,0.2527323219521959
Transformer.xfmr-000439,Transformer,0.33182391943792755,2.07404034532488
Transformer.xfmr-000440,Transformer,0.30033835510446805,1.8772552935773055
Transformer.xfmr-000441,Transformer,0.17821812923455582,1.1139329328732965
Transformer.xfmr-000442,Transformer,0.01409380448340653,0.08809674920161228
Transformer.xfmr-000443,Transformer,0.032451445761291324,0.20283546730843774
Transformer.xfmr-000444,Transformer,0.039126674335453575,0.24456963156704387
Transformer.xfmr-000445,Transformer,0.004201778111170825,0.026263904343900094
Transformer.xfmr-000446,Transformer,0.3177590545891435,1.986133320703273
Transformer.xfmr-000447,Transformer,0.1965308712159749,1.2283874734859563
Transformer.xfmr-000448,Transformer,0.008723375543387191,0.05452527844435724
Transformer.xfmr-000449,Transformer,0.1116515239253713,0.6979149734898383
Transformer.xfmr-000450,Transformer,0.021974343419406978,0.13735009895603206
Transformer.xfmr-000451,Transformer,0.0330889736505851,0.2068340179149918
Transformer.xfmr-000452,Transformer,0.12208312226313137,0.7630659942489292
Transformer.xfmr-000453,Transformer,0.01588605782643026,0.09929482723285742
Transformer.xfmr-000454,Transformer,0.1912050012407708,1.1951706693471533
Transformer.xfmr-000455,Transformer,0.17496669275731255,1.0936813999038677
Transformer.xfmr-000456,Transformer,0.005808113729520301,0.036304898783108455
Transformer.xfmr-000457,Transformer,0.039335510141974735,0.24586085451439793
Transformer.xfmr-000458,Transformer,0.2545218365057226,1.5909007964988378
Transformer.xfmr-000459,Transformer,0.010139776237258048,0.06337777948712392
Transformer.xfmr-000460,Transformer,0.05905834787700951,0.36914236095998876
Transformer.xfmr-000461,Transformer,0.1401663798647496,0.8761091034213568
Transformer.xfmr-000462,Transformer,0.0036918843548405674,0.0230770509514374
Transformer.xfmr-000463,Transformer,0.038036110659404584,0.2377395175949996
Transformer.xfmr-000464,Transformer,0.010855367643175668,0.06785297778564608
Transformer.xfmr-000465,Transformer,0.14084632843006692,0.8803587756137476
Transformer.xfmr-000466,Transformer,0.04662676675076909,0.2914380500180678
Transformer.xfmr-000467,Transformer,0.022469058279244565,0.14044199523840054
Transformer.xfmr-000468,Transformer,0.251969342572178,1.5749003784178712
Transformer.xfmr-000469,Transformer,0.18465225202738655,1.1542150768664214
Transformer.xfmr-000470,Transformer,0.08837902752653827,0.5524151668108352
Transformer.xfmr-000471,Transformer,0.024000237607466262,0.15001533860498192
Transformer.xfmr-000472,Transformer,0.007683912788174894,0.04802861037127218
Transformer.xfmr-000473,Transformer,0.08938539630117157,0.5587279835865465
Transformer.xfmr-000474,Transformer,0.0088671360499211,0.05542653485903088
Transformer.xfmr-000475,Transformer,0.10597881615756341,0.6624368823209661
Transformer.xfmr-000476,Transformer,0.07266200440117246,0.45418376464329413
Transformer.xfmr-000477,Transformer,0.004907286668067399,0.0306733124308181
Transformer.xfmr-000478,Transformer,0.005794594875044368,0.036218986772682454
Transformer.xfmr-000479,Transformer,0.029210147032817987,0.18257722447909963
Transformer.xfmr-000480,Transformer,0.12055290770581632,0.7535247530647557
Transformer.xfmr-000481,Transformer,0.08028429337982743,0.5018229768038527
Transformer.xfmr-000482,Transformer,0.014783195297570273,0.09240534075703817
Transformer.xfmr-000483,Transformer,0.283007997490844,1.7689379183240999
Transformer.xfmr-000484,Transformer,0.016315321135782143,0.10198112291837469
Transformer.xfmr-000485,Transformer,0.008113198140965323,0.05071440644916129
Transformer.xfmr-000486,Transformer,0.12127015808378928,0.7580075495932524
Transformer.xfmr-000487,Transformer,0.08533663355019962,0.5334000762922915
Transformer.xfmr-000488,Transformer,0.13317861535038536,0.8324583443543161
Transformer.xfmr-000489,Transformer,0.020948762998576058,0.13094012370357677
Transformer.xfmr-000490,Transformer,0.013879507533009018,0.08675382584329032
Capacitor.cap_0001,Capacitor,7.275957614183426e-15,-310.4834147443281
Capacitor.cap_0002,Capacitor,7.16227077646181e-15,-308.6256885216635
Capacitor.cap_0003,Capacitor,-7.16227077646181e-15,-307.0917080581221
Capacitor.cap_0004,Capacitor,-1.4551915228366852e-14,-611.5815865491128
Capacitor.cap_0005,Capacitor,1.4551915228366852e-14,-609.4379740833293
