scenario_id,scenario_name,year,ev_adoption_pct,solar_adoption_pct,battery_adoption_pct,load_growth_pct,peak_demand_growth_pct,energy_efficiency_savings_pct,electrification_load_pct,community_solar_capacity_mw,ev_depot_count,microgrid_count,chp_capacity_mw,description
SCN-001,Reference Case,2024,8.0,12.0,3.0,1.0,1.2,0.5,2.0,15,3,10,8,"Moderate growth, current policy trajectory"
SCN-001,Reference Case,2025,10.5,13.8,3.8,1.15,1.4,0.6,2.5,20,4,10,10,"Moderate growth, current policy trajectory"
SCN-001,Reference Case,2026,13.0,15.6,4.6,1.3,1.6,0.7,3.0,25,5,10,12,"Moderate growth, current policy trajectory"
SCN-001,Reference Case,2027,15.5,17.4,5.4,1.45,1.8,0.8,3.5,30,6,10,14,"Moderate growth, current policy trajectory"
SCN-001,Reference Case,2028,18.0,19.2,6.2,1.6,2.0,0.9,4.0,35,7,10,16,"Moderate growth, current policy trajectory"
SCN-001,Reference Case,2029,20.5,21.0,7.0,1.75,2.2,1.0,4.5,40,8,10,18,"Moderate growth, current policy trajectory"
SCN-001,Reference Case,2030,23.0,22.8,7.8,1.9,2.4,1.1,5.0,45,9,10,20,"Moderate growth, current policy trajectory"
SCN-001,Reference Case,2031,25.5,24.6,8.6,2.05,2.6,1.2,5.5,50,10,10,22,"Moderate growth, current policy trajectory"
SCN-001,Reference Case,2032,28.0,26.4,9.4,2.2,2.8,1.3,6.0,55,11,10,24,"Moderate growth, current policy trajectory"
SCN-001,Reference Case,2033,30.5,28.2,10.2,2.35,3.0,1.4,6.5,60,12,10,26,"Moderate growth, current policy trajectory"
SCN-001,Reference Case,2034,33.0,30.0,11.0,2.5,3.2,1.5,7.0,65,13,10,28,"Moderate growth, current policy trajectory"
SCN-001,Reference Case,2035,35.5,31.8,11.8,2.65,3.4,1.6,7.5,70,14,10,30,"Moderate growth, current policy trajectory"
SCN-001,Reference Case,2036,38.0,33.6,12.6,2.8,3.6,1.7,8.0,75,15,10,32,"Moderate growth, current policy trajectory"
SCN-001,Reference Case,2037,40.5,35.4,13.4,2.95,3.8,1.8,8.5,80,16,10,34,"Moderate growth, current policy trajectory"
SCN-001,Reference Case,2038,43.0,37.2,14.2,3.1,4.0,1.9,9.0,85,17,10,36,"Moderate growth, current policy trajectory"
SCN-001,Reference Case,2039,45.5,39.0,15.0,3.25,4.2,2.0,9.5,90,18,10,38,"Moderate growth, current policy trajectory"
SCN-001,Reference Case,2040,48.0,40.8,15.8,3.4,4.4,2.1,10.0,95,19,10,40,"Moderate growth, current policy trajectory"
SCN-002,High EV Adoption,2024,8.0,12.0,3.0,1.5,2.0,0.5,3.0,20,5,10,8,Aggressive EV adoption driven by policy incentives
SCN-002,High EV Adoption,2025,13.0,14.0,4.2,1.8,2.4,0.6,3.8,28,8,11,9,Aggressive EV adoption driven by policy incentives
SCN-002,High EV Adoption,2026,18.0,16.0,5.4,2.1,2.8,0.7,4.6,36,11,12,10,Aggressive EV adoption driven by policy incentives
SCN-002,High EV Adoption,2027,23.0,18.0,6.6,2.4,3.2,0.8,5.4,44,14,13,11,Aggressive EV adoption driven by policy incentives
SCN-002,High EV Adoption,2028,28.0,20.0,7.8,2.7,3.6,0.9,6.2,52,17,14,12,Aggressive EV adoption driven by policy incentives
SCN-002,High EV Adoption,2029,33.0,22.0,9.0,3.0,4.0,1.0,7.0,60,20,15,13,Aggressive EV adoption driven by policy incentives
SCN-002,High EV Adoption,2030,38.0,24.0,10.2,3.3,4.4,1.1,7.8,68,23,16,14,Aggressive EV adoption driven by policy incentives
SCN-002,High EV Adoption,2031,43.0,26.0,11.4,3.6,4.8,1.2,8.6,76,26,17,15,Aggressive EV adoption driven by policy incentives
SCN-002,High EV Adoption,2032,48.0,28.0,12.6,3.9,5.2,1.3,9.4,84,29,18,16,Aggressive EV adoption driven by policy incentives
SCN-002,High EV Adoption,2033,53.0,30.0,13.8,4.2,5.6,1.4,10.2,92,32,19,17,Aggressive EV adoption driven by policy incentives
SCN-002,High EV Adoption,2034,58.0,32.0,15.0,4.5,6.0,1.5,11.0,100,35,20,18,Aggressive EV adoption driven by policy incentives
SCN-002,High EV Adoption,2035,63.0,34.0,16.2,4.8,6.4,1.6,11.8,108,38,21,19,Aggressive EV adoption driven by policy incentives
SCN-002,High EV Adoption,2036,68.0,36.0,17.4,5.1,6.8,1.7,12.6,116,41,22,20,Aggressive EV adoption driven by policy incentives
SCN-002,High EV Adoption,2037,73.0,38.0,18.6,5.4,7.2,1.8,13.4,124,44,23,21,Aggressive EV adoption driven by policy incentives
SCN-002,High EV Adoption,2038,78.0,40.0,19.8,5.7,7.6,1.9,14.2,132,47,24,22,Aggressive EV adoption driven by policy incentives
SCN-002,High EV Adoption,2039,83.0,42.0,21.0,6.0,8.0,2.0,15.0,140,50,25,23,Aggressive EV adoption driven by policy incentives
SCN-002,High EV Adoption,2040,88.0,44.0,22.2,6.3,8.4,2.1,15.8,148,53,26,24,Aggressive EV adoption driven by policy incentives
SCN-003,High Solar Growth,2024,8.0,12.0,3.0,0.5,0.8,0.5,2.0,30,3,12,10,Rapid DER expansion with net metering 2.0
SCN-003,High Solar Growth,2025,10.0,16.5,5.5,0.55,0.9,0.7,2.3,45,4,13,13,Rapid DER expansion with net metering 2.0
SCN-003,High Solar Growth,2026,12.0,21.0,8.0,0.6,1.0,0.9,2.6,60,5,14,16,Rapid DER expansion with net metering 2.0
SCN-003,High Solar Growth,2027,14.0,25.5,10.5,0.65,1.1,1.1,2.9,75,6,15,19,Rapid DER expansion with net metering 2.0
SCN-003,High Solar Growth,2028,16.0,30.0,13.0,0.7,1.2,1.3,3.2,90,7,16,22,Rapid DER expansion with net metering 2.0
SCN-003,High Solar Growth,2029,18.0,34.5,15.5,0.75,1.3,1.5,3.5,105,8,17,25,Rapid DER expansion with net metering 2.0
SCN-003,High Solar Growth,2030,20.0,39.0,18.0,0.8,1.4,1.7,3.8,120,9,18,28,Rapid DER expansion with net metering 2.0
SCN-003,High Solar Growth,2031,22.0,43.5,20.5,0.85,1.5,1.9,4.1,135,10,19,31,Rapid DER expansion with net metering 2.0
SCN-003,High Solar Growth,2032,24.0,48.0,23.0,0.9,1.6,2.1,4.4,150,11,20,34,Rapid DER expansion with net metering 2.0
SCN-003,High Solar Growth,2033,26.0,52.5,25.5,0.95,1.7,2.3,4.7,165,12,21,37,Rapid DER expansion with net metering 2.0
SCN-003,High Solar Growth,2034,28.0,57.0,28.0,1.0,1.8,2.5,5.0,180,13,22,40,Rapid DER expansion with net metering 2.0
SCN-003,High Solar Growth,2035,30.0,61.5,30.5,1.05,1.9,2.7,5.3,195,14,23,43,Rapid DER expansion with net metering 2.0
SCN-003,High Solar Growth,2036,32.0,66.0,33.0,1.1,2.0,2.9,5.6,210,15,24,46,Rapid DER expansion with net metering 2.0
SCN-003,High Solar Growth,2037,34.0,70.5,35.5,1.15,2.1,3.1,5.9,225,16,25,49,Rapid DER expansion with net metering 2.0
SCN-003,High Solar Growth,2038,36.0,75.0,38.0,1.2,2.2,3.3,6.2,240,17,26,52,Rapid DER expansion with net metering 2.0
SCN-003,High Solar Growth,2039,38.0,79.5,40.5,1.25,2.3,3.5,6.5,255,18,27,55,Rapid DER expansion with net metering 2.0
SCN-003,High Solar Growth,2040,40.0,84.0,43.0,1.3,2.4,3.7,6.8,270,19,28,58,Rapid DER expansion with net metering 2.0
SCN-004,Extreme Heat,2024,8.0,12.0,3.0,2.0,3.0,0.5,2.0,15,3,10,8,Climate-driven load growth from increased cooling demand
SCN-004,Extreme Heat,2025,10.5,14.0,4.0,2.4,3.6,0.6,2.4,20,4,10,10,Climate-driven load growth from increased cooling demand
SCN-004,Extreme Heat,2026,13.0,16.0,5.0,2.8,4.2,0.7,2.8,25,5,10,12,Climate-driven load growth from increased cooling demand
SCN-004,Extreme Heat,2027,15.5,18.0,6.0,3.2,4.8,0.8,3.2,30,6,10,14,Climate-driven load growth from increased cooling demand
SCN-004,Extreme Heat,2028,18.0,20.0,7.0,3.6,5.4,0.9,3.6,35,7,10,16,Climate-driven load growth from increased cooling demand
SCN-004,Extreme Heat,2029,20.5,22.0,8.0,4.0,6.0,1.0,4.0,40,8,10,18,Climate-driven load growth from increased cooling demand
SCN-004,Extreme Heat,2030,23.0,24.0,9.0,4.4,6.6,1.1,4.4,45,9,10,20,Climate-driven load growth from increased cooling demand
SCN-004,Extreme Heat,2031,25.5,26.0,10.0,4.8,7.2,1.2,4.8,50,10,10,22,Climate-driven load growth from increased cooling demand
SCN-004,Extreme Heat,2032,28.0,28.0,11.0,5.2,7.8,1.3,5.2,55,11,10,24,Climate-driven load growth from increased cooling demand
SCN-004,Extreme Heat,2033,30.5,30.0,12.0,5.6,8.4,1.4,5.6,60,12,10,26,Climate-driven load growth from increased cooling demand
SCN-004,Extreme Heat,2034,33.0,32.0,13.0,6.0,9.0,1.5,6.0,65,13,10,28,Climate-driven load growth from increased cooling demand
SCN-004,Extreme Heat,2035,35.5,34.0,14.0,6.4,9.6,1.6,6.4,70,14,10,30,Climate-driven load growth from increased cooling demand
SCN-004,Extreme Heat,2036,38.0,36.0,15.0,6.8,10.2,1.7,6.8,75,15,10,32,Climate-driven load growth from increased cooling demand
SCN-004,Extreme Heat,2037,40.5,38.0,16.0,7.2,10.8,1.8,7.2,80,16,10,34,Climate-driven load growth from increased cooling demand
SCN-004,Extreme Heat,2038,43.0,40.0,17.0,7.6,11.4,1.9,7.6,85,17,10,36,Climate-driven load growth from increased cooling demand
SCN-004,Extreme Heat,2039,45.5,42.0,18.0,8.0,12.0,2.0,8.0,90,18,10,38,Climate-driven load growth from increased cooling demand
SCN-004,Extreme Heat,2040,48.0,44.0,19.0,8.4,12.6,2.1,8.4,95,19,10,40,Climate-driven load growth from increased cooling demand
SCN-005,Full Electrification,2024,8.0,12.0,3.0,2.5,3.0,0.5,5.0,25,8,15,12,Building and transportation electrification mandate
SCN-005,Full Electrification,2025,12.0,15.0,5.0,3.0,3.55,0.65,7.0,37,12,17,16,Building and transportation electrification mandate
SCN-005,Full Electrification,2026,16.0,18.0,7.0,3.5,4.1,0.8,9.0,49,16,19,20,Building and transportation electrification mandate
SCN-005,Full Electrification,2027,20.0,21.0,9.0,4.0,4.65,0.95,11.0,61,20,21,24,Building and transportation electrification mandate
SCN-005,Full Electrification,2028,24.0,24.0,11.0,4.5,5.2,1.1,13.0,73,24,23,28,Building and transportation electrification mandate
SCN-005,Full Electrification,2029,28.0,27.0,13.0,5.0,5.75,1.25,15.0,85,28,25,32,Building and transportation electrification mandate
SCN-005,Full Electrification,2030,32.0,30.0,15.0,5.5,6.3,1.4,17.0,97,32,27,36,Building and transportation electrification mandate
SCN-005,Full Electrification,2031,36.0,33.0,17.0,6.0,6.85,1.55,19.0,109,36,29,40,Building and transportation electrification mandate
SCN-005,Full Electrification,2032,40.0,36.0,19.0,6.5,7.4,1.7,21.0,121,40,31,44,Building and transportation electrification mandate
SCN-005,Full Electrification,2033,44.0,39.0,21.0,7.0,7.95,1.85,23.0,133,44,33,48,Building and transportation electrification mandate
SCN-005,Full Electrification,2034,48.0,42.0,23.0,7.5,8.5,2.0,25.0,145,48,35,52,Building and transportation electrification mandate
SCN-005,Full Electrification,2035,52.0,45.0,25.0,8.0,9.05,2.15,27.0,157,52,37,56,Building and transportation electrification mandate
SCN-005,Full Electrification,2036,56.0,48.0,27.0,8.5,9.6,2.3,29.0,169,56,39,60,Building and transportation electrification mandate
SCN-005,Full Electrification,2037,60.0,51.0,29.0,9.0,10.15,2.45,31.0,181,60,41,64,Building and transportation electrification mandate
SCN-005,Full Electrification,2038,64.0,54.0,31.0,9.5,10.7,2.6,33.0,193,64,43,68,Building and transportation electrification mandate
SCN-005,Full Electrification,2039,68.0,57.0,33.0,10.0,11.25,2.75,35.0,205,68,45,72,Building and transportation electrification mandate
SCN-005,Full Electrification,2040,72.0,60.0,35.0,10.5,11.8,2.9,37.0,217,72,47,76,Building and transportation electrification mandate
