bus_name,x,y
bus_FDR-0001-HEAD,-111.74347999999999,33.828095
bus_FDR-0001-TAIL,-111.74347999999999,33.888952999999994
bus_FDR-0002-HEAD,-111.74347999999999,33.828095
bus_FDR-0002-TAIL,-111.74347999999999,33.723766999999995
bus_FDR-0003-HEAD,-111.74347999999999,33.828095
bus_FDR-0003-TAIL,-111.646208,33.828095
bus_FDR-0004-HEAD,-111.74347999999999,33.828095
bus_FDR-0004-TAIL,-111.87896599999999,33.828095
bus_FDR-0005-HEAD,-111.74347999999999,33.828095
bus_FDR-0005-TAIL,-111.74347999999999,33.923728999999994
bus_FDR-0006-HEAD,-111.67399999999999,33.813604999999995
bus_FDR-0006-TAIL,-111.67399999999999,33.741155
bus_FDR-0007-HEAD,-111.67399999999999,33.813604999999995
bus_FDR-0007-TAIL,-111.67399999999999,33.855625999999994
bus_FDR-0008-HEAD,-111.67399999999999,33.813604999999995
bus_FDR-0008-TAIL,-111.771272,33.813604999999995
bus_FDR-0009-HEAD,-111.62189,33.828095
bus_FDR-0009-TAIL,-111.62189,33.791869999999996
bus_FDR-0010-HEAD,-111.62189,33.828095
bus_FDR-0010-TAIL,-111.57325399999999,33.828095
bus_FDR-0011-HEAD,-111.62189,33.828095
bus_FDR-0011-TAIL,-111.757376,33.828095
bus_FDR-0012-HEAD,-111.62189,33.828095
bus_FDR-0012-TAIL,-111.62189,33.891850999999996
bus_XFMR-000001,-111.743603,33.828686
bus_XFMR-000002,-111.74342299999999,33.829282
bus_XFMR-000003,-111.743416,33.829904
bus_XFMR-000004,-111.743377,33.830557999999996
bus_XFMR-000005,-111.74342899999999,33.831120999999996
bus_XFMR-000006,-111.743336,33.831829
bus_XFMR-000007,-111.743382,33.832397
bus_XFMR-000008,-111.74353099999999,33.833060999999994
bus_XFMR-000009,-111.74354199999999,33.833664
bus_XFMR-000010,-111.743397,33.834225999999994
bus_XFMR-000011,-111.743554,33.834882
bus_XFMR-000012,-111.743534,33.835516999999996
bus_XFMR-000013,-111.743618,33.836048
bus_XFMR-000014,-111.743533,33.836748
bus_XFMR-000015,-111.74337299999999,33.837323
bus_XFMR-000016,-111.743566,33.837942999999996
bus_XFMR-000017,-111.743388,33.838538
bus_XFMR-000018,-111.74342,33.839121
bus_XFMR-000019,-111.74337899999999,33.839777
bus_XFMR-000020,-111.743372,33.840399
bus_XFMR-000021,-111.743385,33.841001
bus_XFMR-000022,-111.743396,33.841604
bus_XFMR-000023,-111.74361,33.842203
bus_XFMR-000024,-111.74358,33.842848
bus_XFMR-000025,-111.743365,33.84348
bus_XFMR-000026,-111.743396,33.844063
bus_XFMR-000027,-111.743597,33.844674
bus_XFMR-000028,-111.743355,33.845333
bus_XFMR-000029,-111.743599,33.845901999999995
bus_XFMR-000030,-111.74341799999999,33.846498999999994
bus_XFMR-000031,-111.743585,33.847145999999995
bus_XFMR-000032,-111.743622,33.847724
bus_XFMR-000033,-111.74355299999999,33.848406999999995
bus_XFMR-000034,-111.743332,33.849045
bus_XFMR-000035,-111.74355299999999,33.849636999999994
bus_XFMR-000036,-111.74362099999999,33.850182999999994
bus_XFMR-000037,-111.74336,33.850860999999995
bus_XFMR-000038,-111.743549,33.851485
bus_XFMR-000039,-111.743546,33.852101999999995
bus_XFMR-000040,-111.74333899999999,33.852726
bus_XFMR-000041,-111.743381,33.853299
bus_XFMR-000042,-111.74360399999999,33.853888999999995
bus_XFMR-000043,-111.74355299999999,33.854555
bus_XFMR-000044,-111.743387,33.855137
bus_XFMR-000045,-111.743619,33.855717999999996
bus_XFMR-000046,-111.743548,33.856404
bus_XFMR-000047,-111.743552,33.857014
bus_XFMR-000048,-111.74339499999999,33.857588
bus_XFMR-000049,-111.743338,33.858259
bus_XFMR-000050,-111.74336,33.858852
bus_XFMR-000051,-111.74334,33.859486999999994
bus_XFMR-000052,-111.74336,33.860080999999994
bus_XFMR-000053,-111.74361,33.860645
bus_XFMR-000054,-111.743431,33.861241
bus_XFMR-000055,-111.743396,33.861889999999995
bus_XFMR-000056,-111.743408,33.862493
bus_XFMR-000057,-111.74355,33.863164
bus_XFMR-000058,-111.743421,33.863709
bus_XFMR-000059,-111.74354199999999,33.864400999999994
bus_XFMR-000060,-111.743366,33.864993999999996
bus_XFMR-000061,-111.74355299999999,33.865618999999995
bus_XFMR-000062,-111.743529,33.866257999999995
bus_XFMR-000063,-111.743539,33.866862999999995
bus_XFMR-000064,-111.743416,33.867402
bus_XFMR-000065,-111.74354199999999,33.868089
bus_XFMR-000066,-111.743583,33.868663
bus_XFMR-000067,-111.743332,33.86933
bus_XFMR-000068,-111.743393,33.869885
bus_XFMR-000069,-111.743332,33.87056
bus_XFMR-000070,-111.74356,33.871143999999994
bus_XFMR-000071,-111.743594,33.871725999999995
bus_XFMR-000072,-111.743366,33.87237
bus_XFMR-000073,-111.743398,33.872952999999995
bus_XFMR-000074,-111.743538,33.873625999999994
bus_XFMR-000075,-111.743351,33.87423
bus_XFMR-000076,-111.743391,33.874804
bus_XFMR-000077,-111.743386,33.875423999999995
bus_XFMR-000078,-111.743428,33.875996
bus_XFMR-000079,-111.74340099999999,33.876639
bus_XFMR-000080,-111.743617,33.877235
bus_XFMR-000081,-111.743357,33.877911999999995
bus_XFMR-000082,-111.743382,33.878502
bus_XFMR-000083,-111.74340699999999,33.879090999999995
bus_XFMR-000084,-111.743589,33.879721999999994
bus_XFMR-000085,-111.743565,33.880361
bus_XFMR-000086,-111.743608,33.880931999999994
bus_XFMR-000087,-111.743371,33.881586
bus_XFMR-000088,-111.74362599999999,33.882144
bus_XFMR-000089,-111.743602,33.882782
bus_XFMR-000090,-111.743593,33.883407
bus_XFMR-000091,-111.74334,33.884076
bus_XFMR-000092,-111.743586,33.884643
bus_XFMR-000093,-111.743614,33.885228999999995
bus_XFMR-000094,-111.743386,33.885875
bus_XFMR-000095,-111.743574,33.886499
bus_XFMR-000096,-111.743589,33.887099
bus_XFMR-000097,-111.743416,33.887688999999995
bus_XFMR-000098,-111.743555,33.888361999999994
bus_XFMR-000099,-111.743337,33.827869
bus_XFMR-000100,-111.74341,33.827526
bus_XFMR-000101,-111.74355299999999,33.82731
bus_XFMR-000102,-111.743602,33.826991
bus_XFMR-000103,-111.743344,33.826781
bus_XFMR-000104,-111.743393,33.826460999999995
bus_XFMR-000105,-111.743535,33.826246999999995
bus_XFMR-000106,-111.743404,33.82591
bus_XFMR-000107,-111.74338,33.825663999999996
bus_XFMR-000108,-111.74337799999999,33.825395
bus_XFMR-000109,-111.743599,33.825101999999994
bus_XFMR-000110,-111.743381,33.824850999999995
bus_XFMR-000111,-111.743375,33.824586999999994
bus_XFMR-000112,-111.74342299999999,33.824268999999994
bus_XFMR-000113,-111.74338999999999,33.824031
bus_XFMR-000114,-111.743545,33.823805
bus_XFMR-000115,-111.7434,33.823480999999994
bus_XFMR-000116,-111.74357599999999,33.823232999999995
bus_XFMR-000117,-111.74360899999999,33.822928999999995
bus_XFMR-000118,-111.743375,33.822696
bus_XFMR-000119,-111.74342399999999,33.822376
bus_XFMR-000120,-111.74342399999999,33.822106
bus_XFMR-000121,-111.743543,33.821915
bus_XFMR-000122,-111.74355,33.821636999999996
bus_XFMR-000123,-111.743614,33.821303
bus_XFMR-000124,-111.743427,33.821022
bus_XFMR-000125,-111.743392,33.820786
bus_XFMR-000126,-111.743398,33.82051
bus_XFMR-000127,-111.743417,33.820221
bus_XFMR-000128,-111.74342299999999,33.819945
bus_XFMR-000129,-111.743534,33.819761
bus_XFMR-000130,-111.74359799999999,33.819427
bus_XFMR-000131,-111.743416,33.819140999999995
bus_XFMR-000132,-111.743369,33.818917
bus_XFMR-000133,-111.743414,33.818602
bus_XFMR-000134,-111.743387,33.818358999999994
bus_XFMR-000135,-111.74341199999999,33.818064
bus_XFMR-000136,-111.743532,33.817871
bus_XFMR-000137,-111.74359199999999,33.817541
bus_XFMR-000138,-111.743602,33.817260999999995
bus_XFMR-000139,-111.74338999999999,33.817004999999995
bus_XFMR-000140,-111.74362599999999,33.816696
bus_XFMR-000141,-111.743546,33.816506
bus_XFMR-000142,-111.743348,33.816235999999996
bus_XFMR-000143,-111.74340699999999,33.815906
bus_XFMR-000144,-111.743577,33.815664
bus_XFMR-000145,-111.743572,33.815399
bus_XFMR-000146,-111.74357599999999,33.815124
bus_XFMR-000147,-111.74359199999999,33.814839
bus_XFMR-000148,-111.743368,33.814594
bus_XFMR-000149,-111.743413,33.814277999999995
bus_XFMR-000150,-111.743535,33.814085
bus_XFMR-000151,-111.7434,33.813750999999996
bus_XFMR-000152,-111.743593,33.813486
bus_XFMR-000153,-111.743391,33.813219999999994
bus_XFMR-000154,-111.74333899999999,33.813002
bus_XFMR-000155,-111.743349,33.812720999999996
bus_XFMR-000156,-111.743386,33.812413
bus_XFMR-000157,-111.743344,33.812185
bus_XFMR-000158,-111.74336699999999,33.811892
bus_XFMR-000159,-111.743363,33.811626
bus_XFMR-000160,-111.743591,33.811325999999994
bus_XFMR-000161,-111.74362099999999,33.811024999999994
bus_XFMR-000162,-111.743533,33.810843
bus_XFMR-000163,-111.743405,33.810503
bus_XFMR-000164,-111.74361499999999,33.810219999999994
bus_XFMR-000165,-111.743332,33.810035
bus_XFMR-000166,-111.74353599999999,33.809759
bus_XFMR-000167,-111.74340699999999,33.809419
bus_XFMR-000168,-111.743541,33.809214
bus_XFMR-000169,-111.74354699999999,33.808937
bus_XFMR-000170,-111.743595,33.808619
bus_XFMR-000171,-111.743415,33.808330999999995
bus_XFMR-000172,-111.743335,33.808139999999995
bus_XFMR-000173,-111.743565,33.807838
bus_XFMR-000174,-111.74362599999999,33.807506999999994
bus_XFMR-000175,-111.74358699999999,33.807275
bus_XFMR-000176,-111.743351,33.807044
bus_XFMR-000177,-111.743389,33.806734
bus_XFMR-000178,-111.743332,33.806521
bus_XFMR-000179,-111.743605,33.806177
bus_XFMR-000180,-111.743336,33.805977
bus_XFMR-000181,-111.74361,33.805631
bus_XFMR-000182,-111.743422,33.805350999999995
bus_XFMR-000183,-111.743426,33.805076
bus_XFMR-000184,-111.743618,33.804812
bus_XFMR-000185,-111.743624,33.804536
bus_XFMR-000186,-111.743355,33.804337
bus_XFMR-000187,-111.743352,33.804069999999996
bus_XFMR-000188,-111.743579,33.80377
bus_XFMR-000189,-111.743568,33.803509999999996
bus_XFMR-000190,-111.743357,33.803253
bus_XFMR-000191,-111.74342899999999,33.802910999999995
bus_XFMR-000192,-111.743556,33.802710999999995
bus_XFMR-000193,-111.743359,33.802440999999995
bus_XFMR-000194,-111.743572,33.802155
bus_XFMR-000195,-111.74336199999999,33.801897
bus_XFMR-000196,-111.74341,33.801578
bus_XFMR-000197,-111.74337799999999,33.801340999999994
bus_XFMR-000198,-111.743406,33.801041999999995
bus_XFMR-000199,-111.743399,33.800777999999994
bus_XFMR-000200,-111.743377,33.800531
bus_XFMR-000201,-111.74336,33.800278
bus_XFMR-000202,-111.743377,33.799989999999994
bus_XFMR-000203,-111.74357599999999,33.799718999999996
bus_XFMR-000204,-111.743561,33.799462999999996
bus_XFMR-000205,-111.743343,33.799212999999995
bus_XFMR-000206,-111.743538,33.798945999999994
bus_XFMR-000207,-111.743535,33.798677999999995
bus_XFMR-000208,-111.74341199999999,33.798333
bus_XFMR-000209,-111.74333299999999,33.798142
bus_XFMR-000210,-111.74361,33.797793
bus_XFMR-000211,-111.74343,33.797504999999994
bus_XFMR-000212,-111.743341,33.797323
bus_XFMR-000213,-111.74333299999999,33.797061
bus_XFMR-000214,-111.74335599999999,33.796768
bus_XFMR-000215,-111.743605,33.796445999999996
bus_XFMR-000216,-111.743341,33.796240999999995
bus_XFMR-000217,-111.743335,33.795977
bus_XFMR-000218,-111.743582,33.795659
bus_XFMR-000219,-111.743593,33.795376999999995
bus_XFMR-000220,-111.743398,33.795103999999995
bus_XFMR-000221,-111.743578,33.794852
bus_XFMR-000222,-111.743385,33.794577
bus_XFMR-000223,-111.74342399999999,33.794267
bus_XFMR-000224,-111.74342399999999,33.793997
bus_XFMR-000225,-111.74333299999999,33.793817
bus_XFMR-000226,-111.743533,33.793546
bus_XFMR-000227,-111.74359,33.793217999999996
bus_XFMR-000228,-111.743359,33.792981
bus_XFMR-000229,-111.743601,33.792666
bus_XFMR-000230,-111.743622,33.792375
bus_XFMR-000231,-111.743585,33.792142
bus_XFMR-000232,-111.74337299999999,33.791885
bus_XFMR-000233,-111.743599,33.791587
bus_XFMR-000234,-111.743381,33.791337
bus_XFMR-000235,-111.74338999999999,33.791056999999995
bus_XFMR-000236,-111.74336,33.790817
bus_XFMR-000237,-111.743392,33.790515
bus_XFMR-000238,-111.743557,33.790278
bus_XFMR-000239,-111.74354199999999,33.790023
bus_XFMR-000240,-111.743596,33.789699
bus_XFMR-000241,-111.743361,33.789465
bus_XFMR-000242,-111.743366,33.78919
bus_XFMR-000243,-111.743359,33.788926999999994
bus_XFMR-000244,-111.743607,33.788605999999994
bus_XFMR-000245,-111.743606,33.788337
bus_XFMR-000246,-111.74336699999999,33.788107999999994
bus_XFMR-000247,-111.74358,33.787822
bus_XFMR-000248,-111.743588,33.787544
bus_XFMR-000249,-111.743394,33.78727
bus_XFMR-000250,-111.74343,33.786964
bus_XFMR-000251,-111.743548,33.786773
bus_XFMR-000252,-111.743406,33.786446999999995
bus_XFMR-000253,-111.743583,33.786198
bus_XFMR-000254,-111.743422,33.785891
bus_XFMR-000255,-111.743414,33.785627999999996
bus_XFMR-000256,-111.743537,33.785433
bus_XFMR-000257,-111.743363,33.785138999999994
bus_XFMR-000258,-111.743608,33.784820999999994
bus_XFMR-000259,-111.743348,33.784613
bus_XFMR-000260,-111.74352999999999,33.784358999999995
bus_XFMR-000261,-111.743347,33.784073
bus_XFMR-000262,-111.743353,33.783797
bus_XFMR-000263,-111.743363,33.783516999999996
bus_XFMR-000264,-111.743404,33.783204999999995
bus_XFMR-000265,-111.74343,33.782909
bus_XFMR-000266,-111.743388,33.782681
bus_XFMR-000267,-111.743371,33.782427999999996
bus_XFMR-000268,-111.743557,33.78217
bus_XFMR-000269,-111.743404,33.781853999999996
bus_XFMR-000270,-111.743599,33.781586999999995
bus_XFMR-000271,-111.74360899999999,33.781305999999994
bus_XFMR-000272,-111.743393,33.781054
bus_XFMR-000273,-111.743597,33.780778
bus_XFMR-000274,-111.74336199999999,33.780545
bus_XFMR-000275,-111.743352,33.780283999999995
bus_XFMR-000276,-111.743552,33.780012
bus_XFMR-000277,-111.74342399999999,33.779672
bus_XFMR-000278,-111.743365,33.779461
bus_XFMR-000279,-111.74337799999999,33.779177999999995
bus_XFMR-000280,-111.743538,33.778946
bus_XFMR-000281,-111.743375,33.778639999999996
bus_XFMR-000282,-111.743607,33.778335999999996
bus_XFMR-000283,-111.743381,33.778093
bus_XFMR-000284,-111.74361999999999,33.777781999999995
bus_XFMR-000285,-111.743594,33.777538
bus_XFMR-000286,-111.743548,33.777313
bus_XFMR-000287,-111.743613,33.776979
bus_XFMR-000288,-111.743385,33.776737999999995
bus_XFMR-000289,-111.74362599999999,33.776424
bus_XFMR-000290,-111.743608,33.776171999999995
bus_XFMR-000291,-111.74342,33.775892
bus_XFMR-000292,-111.743372,33.775669
bus_XFMR-000293,-111.74336,33.775411
bus_XFMR-000294,-111.743605,33.775093999999996
bus_XFMR-000295,-111.743417,33.774814
bus_XFMR-000296,-111.74356399999999,33.774594
bus_XFMR-000297,-111.743545,33.774344
bus_XFMR-000298,-111.743335,33.774085
bus_XFMR-000299,-111.74358,33.773768
bus_XFMR-000300,-111.74357499999999,33.773502
bus_XFMR-000301,-111.74342,33.77319
bus_XFMR-000302,-111.743586,33.772949999999994
bus_XFMR-000303,-111.743349,33.772718999999995
bus_XFMR-000304,-111.743396,33.772402
bus_XFMR-000305,-111.743374,33.772154
bus_XFMR-000306,-111.743572,33.771884
bus_XFMR-000307,-111.743616,33.771569
bus_XFMR-000308,-111.743417,33.7713
bus_XFMR-000309,-111.743541,33.771103999999994
bus_XFMR-000310,-111.74358,33.770793999999995
bus_XFMR-000311,-111.743346,33.770559999999996
bus_XFMR-000312,-111.743601,33.770233
bus_XFMR-000313,-111.743426,33.769938999999994
bus_XFMR-000314,-111.743533,33.76976
bus_XFMR-000315,-111.743593,33.76943
bus_XFMR-000316,-111.743556,33.769197
bus_XFMR-000317,-111.74362099999999,33.768862
bus_XFMR-000318,-111.743349,33.768665
bus_XFMR-000319,-111.743548,33.768394
bus_XFMR-000320,-111.743554,33.768117999999994
bus_XFMR-000321,-111.743568,33.767834
bus_XFMR-000322,-111.74338999999999,33.767542999999996
bus_XFMR-000323,-111.743393,33.767269999999996
bus_XFMR-000324,-111.743406,33.766987
bus_XFMR-000325,-111.74341199999999,33.766709999999996
bus_XFMR-000326,-111.743605,33.766445
bus_XFMR-000327,-111.743347,33.766234999999995
bus_XFMR-000328,-111.74342399999999,33.765887
bus_XFMR-000329,-111.74336,33.765682
bus_XFMR-000330,-111.743369,33.765401999999995
bus_XFMR-000331,-111.743415,33.765085
bus_XFMR-000332,-111.743534,33.764894999999996
bus_XFMR-000333,-111.74337,33.76459
bus_XFMR-000334,-111.74355899999999,33.764329
bus_XFMR-000335,-111.743353,33.764067
bus_XFMR-000336,-111.743623,33.763724999999994
bus_XFMR-000337,-111.743612,33.763465
bus_XFMR-000338,-111.743606,33.763200999999995
bus_XFMR-000339,-111.743591,33.762946
bus_XFMR-000340,-111.743389,33.762679
bus_XFMR-000341,-111.743617,33.762378999999996
bus_XFMR-000342,-111.743344,33.762183
bus_XFMR-000343,-111.743375,33.761883
bus_XFMR-000344,-111.743529,33.761655999999995
bus_XFMR-000345,-111.74342899999999,33.761288
bus_XFMR-000346,-111.743393,33.761053
bus_XFMR-000347,-111.743532,33.760842999999994
bus_XFMR-000348,-111.743341,33.760565
bus_XFMR-000349,-111.74359,33.760244
bus_XFMR-000350,-111.743399,33.759966
bus_XFMR-000351,-111.74360899999999,33.759684
bus_XFMR-000352,-111.743419,33.759406
bus_XFMR-000353,-111.743422,33.759133
bus_XFMR-000354,-111.743406,33.758877999999996
bus_XFMR-000355,-111.74352999999999,33.758682
bus_XFMR-000356,-111.74361999999999,33.758322
bus_XFMR-000357,-111.743349,33.758125
bus_XFMR-000358,-111.743548,33.757853999999995
bus_XFMR-000359,-111.743348,33.757585
bus_XFMR-000360,-111.743388,33.757275
bus_XFMR-000361,-111.743608,33.756983
bus_XFMR-000362,-111.743369,33.756752999999996
bus_XFMR-000363,-111.74361499999999,33.756434999999996
bus_XFMR-000364,-111.743332,33.756249999999994
bus_XFMR-000365,-111.74359,33.755919
bus_XFMR-000366,-111.743332,33.755708999999996
bus_XFMR-000367,-111.743602,33.755365999999995
bus_XFMR-000368,-111.743372,33.755129
bus_XFMR-000369,-111.743336,33.754894
bus_XFMR-000370,-111.743606,33.754552
bus_XFMR-000371,-111.74360899999999,33.754279
bus_XFMR-000372,-111.74356999999999,33.754047
bus_XFMR-000373,-111.743563,33.753783999999996
bus_XFMR-000374,-111.743387,33.753491
bus_XFMR-000375,-111.74337,33.753239
bus_XFMR-000376,-111.7436,33.752936999999996
bus_XFMR-000377,-111.743597,33.752669
bus_XFMR-000378,-111.74342299999999,33.752373999999996
bus_XFMR-000379,-111.743595,33.752129999999994
bus_XFMR-000380,-111.74355,33.751904999999994
bus_XFMR-000381,-111.743382,33.751605
bus_XFMR-000382,-111.743571,33.751343
bus_XFMR-000383,-111.743603,33.751040999999994
bus_XFMR-000384,-111.743574,33.7508
bus_XFMR-000385,-111.743415,33.750491
bus_XFMR-000386,-111.74338999999999,33.750245
bus_XFMR-000387,-111.743374,33.749990999999994
bus_XFMR-000388,-111.743349,33.749745999999995
bus_XFMR-000389,-111.74333299999999,33.749491
bus_XFMR-000390,-111.743404,33.74915
bus_XFMR-000391,-111.743405,33.748878999999995
bus_XFMR-000392,-111.74355899999999,33.748652
bus_XFMR-000393,-111.74356999999999,33.748371
bus_XFMR-000394,-111.743582,33.74809
bus_XFMR-000395,-111.743572,33.747828999999996
bus_XFMR-000396,-111.743548,33.747581999999994
bus_XFMR-000397,-111.74354699999999,33.747313999999996
bus_XFMR-000398,-111.743391,33.747001
bus_XFMR-000399,-111.74337899999999,33.746742999999995
bus_XFMR-000400,-111.74355299999999,33.746496
bus_XFMR-000401,-111.743343,33.746238
bus_XFMR-000402,-111.743414,33.745897
bus_XFMR-000403,-111.743596,33.745642999999994
bus_XFMR-000404,-111.743349,33.745421
bus_XFMR-000405,-111.74354199999999,33.745155999999994
bus_XFMR-000406,-111.743569,33.744859
bus_XFMR-000407,-111.74337899999999,33.74458
bus_XFMR-000408,-111.743589,33.744299
bus_XFMR-000409,-111.743426,33.743992999999996
bus_XFMR-000410,-111.743537,33.743809999999996
bus_XFMR-000411,-111.743344,33.743534
bus_XFMR-000412,-111.74359,33.743216
bus_XFMR-000413,-111.74341,33.742928
bus_XFMR-000414,-111.743569,33.742697
bus_XFMR-000415,-111.743393,33.742404
bus_XFMR-000416,-111.743349,33.742177999999996
bus_XFMR-000417,-111.743347,33.74191
bus_XFMR-000418,-111.743403,33.741583
bus_XFMR-000419,-111.743605,33.741308999999994
bus_XFMR-000420,-111.743365,33.74108
bus_XFMR-000421,-111.743558,33.740815
bus_XFMR-000422,-111.743383,33.740522
bus_XFMR-000423,-111.743619,33.740213999999995
bus_XFMR-000424,-111.743607,33.739956
bus_XFMR-000425,-111.743583,33.739709999999995
bus_XFMR-000426,-111.743344,33.73948
bus_XFMR-000427,-111.743411,33.739143
bus_XFMR-000428,-111.74342299999999,33.738861
bus_XFMR-000429,-111.743602,33.738609999999994
bus_XFMR-000430,-111.743388,33.738355
bus_XFMR-000431,-111.743411,33.738062
bus_XFMR-000432,-111.743556,33.737845
bus_XFMR-000433,-111.74359799999999,33.737531999999995
bus_XFMR-000434,-111.74337899999999,33.737283
bus_XFMR-000435,-111.743415,33.736976999999996
bus_XFMR-000436,-111.74356999999999,33.736748999999996
bus_XFMR-000437,-111.74357599999999,33.736473999999994
bus_XFMR-000438,-111.743419,33.736160999999996
bus_XFMR-000439,-111.74355899999999,33.735949
bus_XFMR-000440,-111.743568,33.73567
bus_XFMR-000441,-111.743601,33.735367
bus_XFMR-000442,-111.74339499999999,33.735105
bus_XFMR-000443,-111.74336199999999,33.734866999999994
bus_XFMR-000444,-111.74342,33.734539
bus_XFMR-000445,-111.743385,33.734303999999995
bus_XFMR-000446,-111.743346,33.734072999999995
bus_XFMR-000447,-111.74354,33.733805999999994
bus_XFMR-000448,-111.743335,33.733543
bus_XFMR-000449,-111.743335,33.733273
bus_XFMR-000450,-111.743612,33.732923
bus_XFMR-000451,-111.743383,33.732685
bus_XFMR-000452,-111.743561,33.732434
bus_XFMR-000453,-111.743405,33.732122
bus_XFMR-000454,-111.74356,33.731894
bus_XFMR-000455,-111.743565,33.731618999999995
bus_XFMR-000456,-111.74338,33.731334999999994
bus_XFMR-000457,-111.743398,33.731047999999994
bus_XFMR-000458,-111.74354699999999,33.730826
bus_XFMR-000459,-111.743419,33.730486
bus_XFMR-000460,-111.743574,33.730259
bus_XFMR-000461,-111.743364,33.730000999999994
bus_XFMR-000462,-111.743354,33.72974
bus_XFMR-000463,-111.743409,33.729414999999996
bus_XFMR-000464,-111.743618,33.729133
bus_XFMR-000465,-111.74341199999999,33.728871
bus_XFMR-000466,-111.743624,33.728587
bus_XFMR-000467,-111.743426,33.728317
bus_XFMR-000468,-111.74354699999999,33.728123
bus_XFMR-000469,-111.743568,33.727832
bus_XFMR-000470,-111.743417,33.727515
bus_XFMR-000471,-111.74341,33.727252
bus_XFMR-000472,-111.74336199999999,33.72703
bus_XFMR-000473,-111.743337,33.726783999999995
bus_XFMR-000474,-111.74362599999999,33.726422
bus_XFMR-000475,-111.743415,33.726166
bus_XFMR-000476,-111.74360899999999,33.725899999999996
bus_XFMR-000477,-111.743555,33.725683
bus_XFMR-000478,-111.743351,33.725418999999995
bus_XFMR-000479,-111.74333299999999,33.725165999999994
bus_XFMR-000480,-111.743353,33.724875999999995
bus_XFMR-000481,-111.74360899999999,33.724546999999994
bus_XFMR-000482,-111.743612,33.724275
bus_XFMR-000483,-111.743415,33.724002999999996
bus_XFMR-000484,-111.743194,33.828187
bus_XFMR-000485,-111.742955,33.827985
bus_XFMR-000486,-111.74269199999999,33.827971999999995
bus_XFMR-000487,-111.74233,33.828222
bus_XFMR-000488,-111.742124,33.827987
bus_XFMR-000489,-111.741818,33.828180999999994
bus_XFMR-000490,-111.741591,33.827966999999994
bus_XFMR-000491,-111.741242,33.828039999999994
bus_XFMR-000492,-111.740956,33.828213
bus_XFMR-000493,-111.740751,33.828142
bus_XFMR-000494,-111.740465,33.827988
bus_XFMR-000495,-111.740151,33.82819
bus_XFMR-000496,-111.739873,33.828027
bus_XFMR-000497,-111.739583,33.828205999999994
bus_XFMR-000498,-111.739319,33.828193
bus_XFMR-000499,-111.739029,33.828207
bus_XFMR-000500,-111.738736,33.828058999999996
bus_XFMR-000501,-111.738496,33.828022999999995
bus_XFMR-000502,-111.738194,33.828047999999995
bus_XFMR-000503,-111.737985,33.827980999999994
bus_XFMR-000504,-111.737717,33.828137
bus_XFMR-000505,-111.737422,33.827991999999995
bus_XFMR-000506,-111.737144,33.827994
bus_XFMR-000507,-111.73686599999999,33.827994
bus_XFMR-000508,-111.736588,33.82816
bus_XFMR-000509,-111.736328,33.827980999999994
bus_XFMR-000510,-111.73598,33.828052
bus_XFMR-000511,-111.735733,33.828022
bus_XFMR-000512,-111.735494,33.828148999999996
bus_XFMR-000513,-111.735174,33.828028999999994
bus_XFMR-000514,-111.73490699999999,33.828019999999995
bus_XFMR-000515,-111.734661,33.827988999999995
bus_XFMR-000516,-111.734319,33.828055
bus_XFMR-000517,-111.734071,33.82819
bus_XFMR-000518,-111.73379899999999,33.828022
bus_XFMR-000519,-111.73349999999999,33.828208999999994
bus_XFMR-000520,-111.733291,33.827977
bus_XFMR-000521,-111.732993,33.827999
bus_XFMR-000522,-111.732685,33.828194999999994
bus_XFMR-000523,-111.732472,33.827966999999994
bus_XFMR-000524,-111.732174,33.827988999999995
bus_XFMR-000525,-111.73190199999999,33.828148999999996
bus_XFMR-000526,-111.731589,33.828021
bus_XFMR-000527,-111.731279,33.828055
bus_XFMR-000528,-111.731042,33.828179
bus_XFMR-000529,-111.730758,33.828022999999995
bus_XFMR-000530,-111.730452,33.828216999999995
bus_XFMR-000531,-111.730243,33.828149999999994
bus_XFMR-000532,-111.729913,33.828039999999994
bus_XFMR-000533,-111.72963899999999,33.828036999999995
bus_XFMR-000534,-111.729416,33.828148
bus_XFMR-000535,-111.729135,33.828151999999996
bus_XFMR-000536,-111.728843,33.828168
bus_XFMR-000537,-111.72852999999999,33.828204
bus_XFMR-000538,-111.728236,33.828058
bus_XFMR-000539,-111.727986,33.828030999999996
bus_XFMR-000540,-111.727719,33.828022999999995
bus_XFMR-000541,-111.72743,33.828199
bus_XFMR-000542,-111.727144,33.828208999999994
bus_XFMR-000543,-111.726946,33.827965999999996
bus_XFMR-000544,-111.726576,33.828061
bus_XFMR-000545,-111.726338,33.828022
bus_XFMR-000546,-111.726024,33.828222999999994
bus_XFMR-000547,-111.725818,33.828153
bus_XFMR-000548,-111.725556,33.828139
bus_XFMR-000549,-111.725235,33.828019
bus_XFMR-000550,-111.724929,33.828213
bus_XFMR-000551,-111.724717,33.827985
bus_XFMR-000552,-111.724379,33.828046
bus_XFMR-000553,-111.72417899999999,33.827971
bus_XFMR-000554,-111.723815,33.828058
bus_XFMR-000555,-111.723607,33.82799
bus_XFMR-000556,-111.72334599999999,33.827974
bus_XFMR-000557,-111.723027,33.828016999999996
bus_XFMR-000558,-111.72275499999999,33.828176
bus_XFMR-000559,-111.72247999999999,33.828011
bus_XFMR-000560,-111.72224,33.828139
bus_XFMR-000561,-111.72191699999999,33.828185
bus_XFMR-000562,-111.721672,33.828154
bus_XFMR-000563,-111.72134799999999,33.828202
bus_XFMR-000564,-111.72108899999999,33.828021
bus_XFMR-000565,-111.720832,33.828001
bus_XFMR-000566,-111.720494,33.828227
bus_XFMR-000567,-111.72030699999999,33.827973
bus_XFMR-000568,-111.719967,33.828201
bus_XFMR-000569,-111.71973,33.827997999999994
bus_XFMR-000570,-111.719437,33.828177999999994
bus_XFMR-000571,-111.71912499999999,33.828213999999996
bus_XFMR-000572,-111.718913,33.828149999999994
bus_XFMR-000573,-111.718571,33.828216
bus_XFMR-000574,-111.718381,33.827965
bus_XFMR-000575,-111.718097,33.828137
bus_XFMR-000576,-111.717822,33.828134999999996
bus_XFMR-000577,-111.717529,33.828151999999996
bus_XFMR-000578,-111.717275,33.828129999999994
bus_XFMR-000579,-111.716946,33.828018
bus_XFMR-000580,-111.716669,33.828182999999996
bus_XFMR-000581,-111.716407,33.828004
bus_XFMR-000582,-111.71612499999999,33.82801
bus_XFMR-000583,-111.715816,33.828042999999994
bus_XFMR-000584,-111.715576,33.828007
bus_XFMR-000585,-111.715301,33.828005
bus_XFMR-000586,-111.714986,33.828208
bus_XFMR-000587,-111.714727,33.828191
bus_XFMR-000588,-111.71450899999999,33.827968
bus_XFMR-000589,-111.714165,33.828036
bus_XFMR-000590,-111.71392999999999,33.828157999999995
bus_XFMR-000591,-111.71359,33.828058
bus_XFMR-000592,-111.71339,33.828146
bus_XFMR-000593,-111.713055,33.828204
bus_XFMR-000594,-111.712847,33.827971999999995
bus_XFMR-000595,-111.712576,33.827966999999994
bus_XFMR-000596,-111.712217,33.828049
bus_XFMR-000597,-111.712,33.827991
bus_XFMR-000598,-111.711682,33.828032
bus_XFMR-000599,-111.711406,33.828196
bus_XFMR-000600,-111.71114399999999,33.828016999999996
bus_XFMR-000601,-111.710846,33.828202999999995
bus_XFMR-000602,-111.710556,33.828216999999995
bus_XFMR-000603,-111.710312,33.828184
bus_XFMR-000604,-111.710037,33.828018
bus_XFMR-000605,-111.709771,33.828171999999995
bus_XFMR-000606,-111.70953399999999,33.828132999999994
bus_XFMR-000607,-111.709231,33.828159
bus_XFMR-000608,-111.708984,33.827965999999996
bus_XFMR-000609,-111.70867199999999,33.828165999999996
bus_XFMR-000610,-111.70836299999999,33.828035
bus_XFMR-000611,-111.708152,33.828132999999994
bus_XFMR-000612,-111.707809,33.828199999999995
bus_XFMR-000613,-111.707567,33.828002
bus_XFMR-000614,-111.707273,33.828182999999996
bus_XFMR-000615,-111.70701,33.828005999999995
bus_XFMR-000616,-111.706711,33.828193
bus_XFMR-000617,-111.706457,33.82817
bus_XFMR-000618,-111.706199,33.828151999999996
bus_XFMR-000619,-111.705896,33.828179
bus_XFMR-000620,-111.705589,33.828208999999994
bus_XFMR-000621,-111.705379,33.828143
bus_XFMR-000622,-111.705109,33.828136
bus_XFMR-000623,-111.70476,33.828046
bus_XFMR-000624,-111.704528,33.828001
bus_XFMR-000625,-111.704267,33.827985999999996
bus_XFMR-000626,-111.703981,33.827994999999994
bus_XFMR-000627,-111.703637,33.828227
bus_XFMR-000628,-111.70342099999999,33.828002
bus_XFMR-000629,-111.703144,33.828002999999995
bus_XFMR-000630,-111.70286,33.828011
bus_XFMR-000631,-111.702579,33.828015
bus_XFMR-000632,-111.70234599999999,33.828136
bus_XFMR-000633,-111.702013,33.828193
bus_XFMR-000634,-111.70170999999999,33.828055
bus_XFMR-000635,-111.701515,33.827974
bus_XFMR-000636,-111.701169,33.828207
bus_XFMR-000637,-111.700952,33.828148
bus_XFMR-000638,-111.700659,33.828001
bus_XFMR-000639,-111.70035899999999,33.828025
bus_XFMR-000640,-111.70007799999999,33.828193
bus_XFMR-000641,-111.69982999999999,33.828001
bus_XFMR-000642,-111.699546,33.828008999999994
bus_XFMR-000643,-111.6993,33.828143
bus_XFMR-000644,-111.69894099999999,33.828224999999996
bus_XFMR-000645,-111.698668,33.828058
bus_XFMR-000646,-111.698448,33.828001
bus_XFMR-000647,-111.698177,33.827996
bus_XFMR-000648,-111.697914,33.827982999999996
bus_XFMR-000649,-111.69760099999999,33.828019
bus_XFMR-000650,-111.697367,33.827977999999995
bus_XFMR-000651,-111.697023,33.828208999999994
bus_XFMR-000652,-111.696752,33.828202999999995
bus_XFMR-000653,-111.69654899999999,33.827965999999996
bus_XFMR-000654,-111.696237,33.828165999999996
bus_XFMR-000655,-111.695902,33.828224
bus_XFMR-000656,-111.695628,33.828222
bus_XFMR-000657,-111.695369,33.828205
bus_XFMR-000658,-111.695088,33.828046
bus_XFMR-000659,-111.694817,33.828039999999994
bus_XFMR-000660,-111.694589,33.827991999999995
bus_XFMR-000661,-111.694295,33.828173
bus_XFMR-000662,-111.693995,33.828033
bus_XFMR-000663,-111.69373,33.828022
bus_XFMR-000664,-111.69344099999999,33.828033999999995
bus_XFMR-000665,-111.693184,33.828179
bus_XFMR-000666,-111.692883,33.828204
bus_XFMR-000667,-111.692612,33.828198
bus_XFMR-000668,-111.692317,33.828053
bus_XFMR-000669,-111.692081,33.828013
bus_XFMR-000670,-111.69180899999999,33.828171999999995
bus_XFMR-000671,-111.691515,33.828025999999994
bus_XFMR-000672,-111.691287,33.827977999999995
bus_XFMR-000673,-111.690984,33.828005
bus_XFMR-000674,-111.69068899999999,33.828022
bus_XFMR-000675,-111.69044,33.828159
bus_XFMR-000676,-111.69018299999999,33.82814
bus_XFMR-000677,-111.689859,33.828024
bus_XFMR-000678,-111.68955,33.828219999999995
bus_XFMR-000679,-111.68930499999999,33.828025
bus_XFMR-000680,-111.689042,33.828011999999994
bus_XFMR-000681,-111.688768,33.828008999999994
bus_XFMR-000682,-111.688482,33.828019
bus_XFMR-000683,-111.688255,33.828134
bus_XFMR-000684,-111.687951,33.827996999999996
bus_XFMR-000685,-111.687662,33.82801
bus_XFMR-000686,-111.68734599999999,33.828213999999996
bus_XFMR-000687,-111.687084,33.828199
bus_XFMR-000688,-111.68679999999999,33.828207
bus_XFMR-000689,-111.68654099999999,33.828025999999994
bus_XFMR-000690,-111.686249,33.828205
bus_XFMR-000691,-111.685963,33.828215
bus_XFMR-000692,-111.68576399999999,33.827974
bus_XFMR-000693,-111.685408,33.828053
bus_XFMR-000694,-111.685208,33.827977
bus_XFMR-000695,-111.684907,33.828002
bus_XFMR-000696,-111.684636,33.827996
bus_XFMR-000697,-111.68432899999999,33.828027
bus_XFMR-000698,-111.684039,33.828039999999994
bus_XFMR-000699,-111.683778,33.828025
bus_XFMR-000700,-111.68347,33.828221
bus_XFMR-000701,-111.68325399999999,33.828160999999994
bus_XFMR-000702,-111.682973,33.828001
bus_XFMR-000703,-111.682666,33.828196
bus_XFMR-000704,-111.682392,33.82803
bus_XFMR-000705,-111.682137,33.828173
bus_XFMR-000706,-111.68187,33.827999
bus_XFMR-000707,-111.68158199999999,33.828174999999995
bus_XFMR-000708,-111.681341,33.827976
bus_XFMR-000709,-111.680998,33.828205999999994
bus_XFMR-000710,-111.680785,33.828143
bus_XFMR-000711,-111.680446,33.828205
bus_XFMR-000712,-111.680182,33.828028999999994
bus_XFMR-000713,-111.67993899999999,33.827996
bus_XFMR-000714,-111.679627,33.828196
bus_XFMR-000715,-111.67933,33.828052
bus_XFMR-000716,-111.679081,33.828188999999995
bus_XFMR-000717,-111.678798,33.828194999999994
bus_XFMR-000718,-111.678577,33.82814
bus_XFMR-000719,-111.67821599999999,33.828061
bus_XFMR-000720,-111.677998,33.828165999999996
bus_XFMR-000721,-111.677744,33.82798
bus_XFMR-000722,-111.677385,33.828063
bus_XFMR-000723,-111.67712,33.828215
bus_XFMR-000724,-111.676842,33.828216
bus_XFMR-000725,-111.67661,33.828171999999995
bus_XFMR-000726,-111.676294,33.828047999999995
bus_XFMR-000727,-111.676005,33.828224999999996
bus_XFMR-000728,-111.675753,33.828199999999995
bus_XFMR-000729,-111.67550299999999,33.82801
bus_XFMR-000730,-111.67522,33.828016999999996
bus_XFMR-000731,-111.674962,33.828162
bus_XFMR-000732,-111.67464799999999,33.828199999999995
bus_XFMR-000733,-111.674379,33.828193
bus_XFMR-000734,-111.674161,33.828134999999996
bus_XFMR-000735,-111.673881,33.827974
bus_XFMR-000736,-111.673598,33.827980999999994
bus_XFMR-000737,-111.67327999999999,33.828022999999995
bus_XFMR-000738,-111.67299,33.828036
bus_XFMR-000739,-111.672705,33.828044999999996
bus_XFMR-000740,-111.672416,33.828058
bus_XFMR-000741,-111.672147,33.82805
bus_XFMR-000742,-111.671905,33.828016
bus_XFMR-000743,-111.671596,33.828213
bus_XFMR-000744,-111.671359,33.828008999999994
bus_XFMR-000745,-111.67102899999999,33.828225999999994
bus_XFMR-000746,-111.6708,33.828179999999996
bus_XFMR-000747,-111.670514,33.828025
bus_XFMR-000748,-111.670204,33.828058999999996
bus_XFMR-000749,-111.669927,33.82806
bus_XFMR-000750,-111.66968299999999,33.828191
bus_XFMR-000751,-111.669443,33.827991
bus_XFMR-000752,-111.669168,33.828153
bus_XFMR-000753,-111.668869,33.828011999999994
bus_XFMR-000754,-111.66855,33.828218
bus_XFMR-000755,-111.668288,33.828041
bus_XFMR-000756,-111.66807399999999,33.828142
bus_XFMR-000757,-111.66776399999999,33.828176
bus_XFMR-000758,-111.667441,33.828222
bus_XFMR-000759,-111.667254,33.827968999999996
bus_XFMR-000760,-111.666955,33.827991999999995
bus_XFMR-000761,-111.66663799999999,33.828033
bus_XFMR-000762,-111.666387,33.828007
bus_XFMR-000763,-111.666131,33.828151
bus_XFMR-000764,-111.665797,33.828044
bus_XFMR-000765,-111.66559,33.828139
bus_XFMR-000766,-111.665322,33.827966999999994
bus_XFMR-000767,-111.664979,33.828033
bus_XFMR-000768,-111.664756,33.82798
bus_XFMR-000769,-111.664416,33.828207
bus_XFMR-000770,-111.664163,33.828021
bus_XFMR-000771,-111.663937,33.828132999999994
bus_XFMR-000772,-111.663651,33.82798
bus_XFMR-000773,-111.663313,33.828041
bus_XFMR-000774,-111.663044,33.828198
bus_XFMR-000775,-111.662774,33.828191
bus_XFMR-000776,-111.662544,33.828145
bus_XFMR-000777,-111.662262,33.827987
bus_XFMR-000778,-111.661932,33.828039999999994
bus_XFMR-000779,-111.661636,33.828224
bus_XFMR-000780,-111.66141999999999,33.827999
bus_XFMR-000781,-111.661106,33.828036999999995
bus_XFMR-000782,-111.660815,33.828216999999995
bus_XFMR-000783,-111.660538,33.828053
bus_XFMR-000784,-111.660264,33.828213999999996
bus_XFMR-000785,-111.660031,33.828007
bus_XFMR-000786,-111.659727,33.828199
bus_XFMR-000787,-111.659516,33.827968999999996
bus_XFMR-000788,-111.659212,33.828160999999994
bus_XFMR-000789,-111.65896099999999,33.828136
bus_XFMR-000790,-111.65865099999999,33.828005999999995
bus_XFMR-000791,-111.65835799999999,33.828022
bus_XFMR-000792,-111.658067,33.828036
bus_XFMR-000793,-111.657819,33.828008
bus_XFMR-000794,-111.657566,33.828148999999996
bus_XFMR-000795,-111.65729499999999,33.828143
bus_XFMR-000796,-111.656948,33.828213999999996
bus_XFMR-000797,-111.656759,33.827963
bus_XFMR-000798,-111.656407,33.828038
bus_XFMR-000799,-111.656139,33.82803
bus_XFMR-000800,-111.65589299999999,33.827999999999996
bus_XFMR-000801,-111.655642,33.828137999999996
bus_XFMR-000802,-111.655351,33.828154
bus_XFMR-000803,-111.655051,33.828013
bus_XFMR-000804,-111.654757,33.82803
bus_XFMR-000805,-111.654519,33.827991999999995
bus_XFMR-000806,-111.654257,33.827977999999995
bus_XFMR-000807,-111.653941,33.828016999999996
bus_XFMR-000808,-111.65369,33.827991999999995
bus_XFMR-000809,-111.653385,33.828185
bus_XFMR-000810,-111.653077,33.828216999999995
bus_XFMR-000811,-111.652861,33.827991999999995
bus_XFMR-000812,-111.652598,33.828143
bus_XFMR-000813,-111.652238,33.828061999999996
bus_XFMR-000814,-111.652058,33.828129999999994
bus_XFMR-000815,-111.651731,33.828016
bus_XFMR-000816,-111.651493,33.828143
bus_XFMR-000817,-111.651157,33.828038
bus_XFMR-000818,-111.650908,33.828011
bus_XFMR-000819,-111.650595,33.828210999999996
bus_XFMR-000820,-111.650345,33.828021
bus_XFMR-000821,-111.650059,33.828030999999996
bus_XFMR-000822,-111.649799,33.828013999999996
bus_XFMR-000823,-111.649537,33.828163999999994
bus_XFMR-000824,-111.64921,33.82805
bus_XFMR-000825,-111.648941,33.828208
bus_XFMR-000826,-111.648646,33.828225999999994
bus_XFMR-000827,-111.648377,33.828218
bus_XFMR-000828,-111.64810899999999,33.82821
bus_XFMR-000829,-111.64786,33.828182999999996
bus_XFMR-000830,-111.647576,33.828191
bus_XFMR-000831,-111.647295,33.828032
bus_XFMR-000832,-111.64705099999999,33.828162999999996
bus_XFMR-000833,-111.64674099999999,33.828032
bus_XFMR-000834,-111.64652,33.828142
bus_XFMR-000835,-111.743962,33.828218
bus_XFMR-000836,-111.744525,33.828013999999996
bus_XFMR-000837,-111.745017,33.82821
bus_XFMR-000838,-111.74553999999999,33.828044999999996
bus_XFMR-000839,-111.746053,33.828055
bus_XFMR-000840,-111.746589,33.828042999999994
bus_XFMR-000841,-111.74714399999999,33.828174999999995
bus_XFMR-000842,-111.747681,33.828160999999994
bus_XFMR-000843,-111.748224,33.827977
bus_XFMR-000844,-111.748685,33.828039
bus_XFMR-000845,-111.749281,33.827965999999996
bus_XFMR-000846,-111.74980599999999,33.827963999999994
bus_XFMR-000847,-111.750295,33.827997999999994
bus_XFMR-000848,-111.750768,33.828049
bus_XFMR-000849,-111.751324,33.828016
bus_XFMR-000850,-111.751815,33.828212
bus_XFMR-000851,-111.752405,33.828145
bus_XFMR-000852,-111.75287,33.828202999999995
bus_XFMR-000853,-111.753433,33.828162999999996
bus_XFMR-000854,-111.753954,33.828165
bus_XFMR-000855,-111.754475,33.828168
bus_XFMR-000856,-111.755037,33.828128
bus_XFMR-000857,-111.75555299999999,33.827971999999995
bus_XFMR-000858,-111.75606499999999,33.827982999999996
bus_XFMR-000859,-111.756535,33.828199999999995
bus_XFMR-000860,-111.757064,33.828193999999996
bus_XFMR-000861,-111.757629,33.828151999999996
bus_XFMR-000862,-111.758094,33.82821
bus_XFMR-000863,-111.758685,33.827977999999995
bus_XFMR-000864,-111.759174,33.828177
bus_XFMR-000865,-111.75973499999999,33.828139
bus_XFMR-000866,-111.760252,33.828145
bus_XFMR-000867,-111.760744,33.828011999999994
bus_XFMR-000868,-111.761259,33.828184
bus_XFMR-000869,-111.761789,33.828176
bus_XFMR-000870,-111.762303,33.828022
bus_XFMR-000871,-111.76284199999999,33.82817
bus_XFMR-000872,-111.76334299999999,33.828027999999996
bus_XFMR-000873,-111.76387799999999,33.828016999999996
bus_XFMR-000874,-111.764428,33.828154
bus_XFMR-000875,-111.76492,33.828184
bus_XFMR-000876,-111.765424,33.828202999999995
bus_XFMR-000877,-111.76595999999999,33.828027
bus_XFMR-000878,-111.76648999999999,33.828019999999995
bus_XFMR-000879,-111.767043,33.828154
bus_XFMR-000880,-111.767543,33.828177
bus_XFMR-000881,-111.76805399999999,33.828188999999995
bus_XFMR-000882,-111.768553,33.828213
bus_XFMR-000883,-111.76910099999999,33.828188
bus_XFMR-000884,-111.769671,33.827977999999995
bus_XFMR-000885,-111.77012599999999,33.828046
bus_XFMR-000886,-111.770706,33.827988999999995
bus_XFMR-000887,-111.771175,33.828207
bus_XFMR-000888,-111.77175799999999,33.828146999999994
bus_XFMR-000889,-111.772237,33.828027
bus_XFMR-000890,-111.77279399999999,33.827993
bus_XFMR-000891,-111.773324,33.827987
bus_XFMR-000892,-111.773858,33.828139
bus_XFMR-000893,-111.774383,33.827974
bus_XFMR-000894,-111.774863,33.828016
bus_XFMR-000895,-111.775412,33.827991
bus_XFMR-000896,-111.77587199999999,33.828053999999995
bus_XFMR-000897,-111.776431,33.828182
bus_XFMR-000898,-111.776986,33.828151
bus_XFMR-000899,-111.77745,33.828044999999996
bus_XFMR-000900,-111.777974,33.828208
bus_XFMR-000901,-111.778486,33.828219999999995
bus_XFMR-000902,-111.779095,33.828134
bus_XFMR-000903,-111.77962,33.827968
bus_XFMR-000904,-111.780117,33.827994
bus_XFMR-000905,-111.780588,33.828046
bus_XFMR-000906,-111.781121,33.828201
bus_XFMR-000907,-111.78168,33.828163999999994
bus_XFMR-000908,-111.78217599999999,33.828027999999996
bus_XFMR-000909,-111.782758,33.828132
bus_XFMR-000910,-111.78323,33.828019999999995
bus_XFMR-000911,-111.783738,33.828033999999995
bus_XFMR-000912,-111.784312,33.827983999999994
bus_XFMR-000913,-111.784841,33.828142
bus_XFMR-000914,-111.785314,33.828027999999996
bus_XFMR-000915,-111.785881,33.828148
bus_XFMR-000916,-111.78641999999999,33.827968
bus_XFMR-000917,-111.78690999999999,33.828165
bus_XFMR-000918,-111.78744499999999,33.828153
bus_XFMR-000919,-111.78795099999999,33.82817
bus_XFMR-000920,-111.788434,33.82821
bus_XFMR-000921,-111.788997,33.828007
bus_XFMR-000922,-111.789498,33.828193
bus_XFMR-000923,-111.79003999999999,33.82801
bus_XFMR-000924,-111.790511,33.828225999999994
bus_XFMR-000925,-111.791113,33.828146999999994
bus_XFMR-000926,-111.79159,33.828028999999994
bus_XFMR-000927,-111.79213,33.828013
bus_XFMR-000928,-111.792665,33.827999999999996
bus_XFMR-000929,-111.79316,33.828193
bus_XFMR-000930,-111.793654,33.828222
bus_XFMR-000931,-111.794192,33.828042999999994
bus_XFMR-000932,-111.794771,33.828151
bus_XFMR-000933,-111.79529,33.827991
bus_XFMR-000934,-111.79581,33.827994
bus_XFMR-000935,-111.79632,33.828171999999995
bus_XFMR-000936,-111.796826,33.828188
bus_XFMR-000937,-111.797364,33.828008999999994
bus_XFMR-000938,-111.797881,33.828179
bus_XFMR-000939,-111.798444,33.82814
bus_XFMR-000940,-111.79897199999999,33.827971
bus_XFMR-000941,-111.799431,33.828199
bus_XFMR-000942,-111.79996,33.828028999999994
bus_XFMR-000943,-111.800479,33.828196999999996
bus_XFMR-000944,-111.801046,33.82799
bus_XFMR-000945,-111.801585,33.827974
bus_XFMR-000946,-111.802073,33.828173
bus_XFMR-000947,-111.80257999999999,33.828188999999995
bus_XFMR-000948,-111.803083,33.828044999999996
bus_XFMR-000949,-111.80364399999999,33.828007
bus_XFMR-000950,-111.804199,33.827974999999995
bus_XFMR-000951,-111.804714,33.828146999999994
bus_XFMR-000952,-111.80521399999999,33.82817
bus_XFMR-000953,-111.805729,33.828177999999994
bus_XFMR-000954,-111.80627199999999,33.827994999999994
bus_XFMR-000955,-111.806733,33.828221
bus_XFMR-000956,-111.80733,33.828146
bus_XFMR-000957,-111.807813,33.828187
bus_XFMR-000958,-111.80836,33.828162999999996
bus_XFMR-000959,-111.808852,33.82803
bus_XFMR-000960,-111.809401,33.828168999999995
bus_XFMR-000961,-111.809929,33.828162999999996
bus_XFMR-000962,-111.810482,33.828132999999994
bus_XFMR-000963,-111.810986,33.828153
bus_XFMR-000964,-111.811449,33.828047999999995
bus_XFMR-000965,-111.81199699999999,33.828024
bus_XFMR-000966,-111.81255999999999,33.828148
bus_XFMR-000967,-111.813017,33.82805
bus_XFMR-000968,-111.813583,33.828171
bus_XFMR-000969,-111.814142,33.828136
bus_XFMR-000970,-111.81465,33.828149999999994
bus_XFMR-000971,-111.815193,33.827965999999996
bus_XFMR-000972,-111.815621,33.828061
bus_XFMR-000973,-111.816227,33.827977999999995
bus_XFMR-000974,-111.816696,33.828196999999996
bus_XFMR-000975,-111.817274,33.828142
bus_XFMR-000976,-111.817747,33.828191999999994
