bus_name,x,y
bus_SUB-001,-112.14348,33.528095
bus_FDR-0001-HEAD,-112.14348,33.528095
bus_FDR-0001-TAIL,-112.190379,33.528095
bus_FDR-0002-HEAD,-112.14348,33.528095
bus_XFMR-000001,-112.143647,33.527974
bus_XFMR-000002,-112.143708,33.528206
bus_XFMR-000003,-112.143821,33.528221
bus_XFMR-000004,-112.144019,33.527988
bus_XFMR-000005,-112.144096,33.528039
bus_XFMR-000006,-112.144257,33.528171
bus_XFMR-000007,-112.144419,33.527973
bus_XFMR-000008,-112.144477,33.528044
bus_XFMR-000009,-112.144609,33.52804
bus_XFMR-000010,-112.144779,33.528163
bus_XFMR-000011,-112.144851,33.52822
bus_XFMR-000012,-112.145001,33.528198
bus_XFMR-000013,-112.145109,33.528218
bus_XFMR-000014,-112.145258,33.528198
bus_XFMR-000015,-112.145438,33.527982
bus_XFMR-000016,-112.145586,33.528127
bus_XFMR-000017,-112.14568,33.528162
bus_XFMR-000018,-112.145819,33.52815
bus_XFMR-000019,-112.145892,33.528042
bus_XFMR-000020,-112.14609,33.528137
bus_XFMR-000021,-112.146141,33.52805
bus_XFMR-000022,-112.146292,33.528192
bus_XFMR-000023,-112.146409,33.528039
bus_XFMR-000024,-112.146514,33.528063
bus_XFMR-000025,-112.146652,33.528053
bus_XFMR-000026,-112.146856,33.528142
bus_XFMR-000027,-112.146912,33.52805
bus_XFMR-000028,-112.147082,33.528009
bus_XFMR-000029,-112.147157,33.528226
bus_XFMR-000030,-112.147346,33.528165
bus_XFMR-000031,-112.147414,33.528226
bus_XFMR-000032,-112.147573,33.528032
bus_XFMR-000033,-112.147735,33.527998
bus_XFMR-000034,-112.147834,33.528192
bus_XFMR-000035,-112.147994,33.52816
bus_XFMR-000036,-112.148064,33.528054
bus_XFMR-000037,-112.148204,33.528207
bus_XFMR-000038,-112.148373,33.528167
bus_XFMR-000039,-112.148496,33.528172
bus_XFMR-000040,-112.148667,33.52813
bus_XFMR-000041,-112.148768,33.528157
bus_XFMR-000042,-112.148915,33.527975
bus_XFMR-000043,-112.148981,33.528201
bus_XFMR-000044,-112.149135,33.528176
bus_XFMR-000045,-112.149288,33.528151
bus_XFMR-000046,-112.149401,33.528003
bus_XFMR-000047,-112.149505,33.528027
bus_XFMR-000048,-112.149677,33.527984
bus_XFMR-000049,-112.149766,33.528187
bus_XFMR-000050,-112.149952,33.527966
bus_XFMR-000051,-112.150056,33.52799
bus_XFMR-000052,-112.150175,33.527999
bus_XFMR-000053,-112.150249,33.528218
bus_XFMR-000054,-112.150426,33.528006
bus_XFMR-000055,-112.150582,33.527978
bus_XFMR-000056,-112.15068,33.528172
bus_XFMR-000057,-112.150799,33.528018
bus_XFMR-000058,-112.150943,33.528003
bus_XFMR-000059,-112.151096,33.528142
bus_XFMR-000060,-112.151166,33.528037
bus_XFMR-000061,-112.151281,33.528214
bus_XFMR-000062,-112.151475,33.528148
bus_XFMR-000063,-112.151549,33.528039
bus_XFMR-000064,-112.151727,33.52799
bus_XFMR-000065,-112.151795,33.528214
bus_XFMR-000066,-112.151973,33.528165
bus_XFMR-000067,-112.152045,33.528057
bus_XFMR-000068,-112.15224,33.528154
bus_XFMR-000069,-112.152345,33.528178
bus_XFMR-000070,-112.152472,33.52818
bus_XFMR-000071,-112.152623,33.527993
bus_XFMR-000072,-112.152732,33.528177
bus_XFMR-000073,-112.152854,33.528183
bus_XFMR-000074,-112.153031,33.528135
bus_XFMR-000075,-112.153126,33.528168
bus_XFMR-000076,-112.153211,33.528047
bus_XFMR-000077,-112.153393,33.528158
bus_XFMR-000078,-112.153499,33.528016
bus_XFMR-000079,-112.153661,33.527983
bus_XFMR-000080,-112.153753,33.528183
bus_XFMR-000081,-112.153931,33.528134
bus_XFMR-000082,-112.154059,33.528134
bus_XFMR-000083,-112.154108,33.528049
bus_XFMR-000084,-112.154244,33.528042
bus_XFMR-000085,-112.154437,33.527978
bus_XFMR-000086,-112.154576,33.528131
bus_XFMR-000087,-112.15467,33.528166
bus_XFMR-000088,-112.154804,33.52816
bus_XFMR-000089,-112.154952,33.528141
bus_XFMR-000090,-112.155086,33.528135
bus_XFMR-000091,-112.155128,33.528058
bus_XFMR-000092,-112.15532,33.527994
bus_XFMR-000093,-112.155464,33.528142
bus_XFMR-000094,-112.155546,33.528189
bus_XFMR-000095,-112.15572,33.528144
bus_XFMR-000096,-112.155821,33.528171
bus_XFMR-000097,-112.155974,33.528146
bus_XFMR-000098,-112.156025,33.52806
bus_XFMR-000099,-112.156213,33.528
bus_XFMR-000100,-112.156352,33.52799
bus_XFMR-000101,-112.156466,33.528168
bus_XFMR-000102,-112.156633,33.527966
bus_XFMR-000103,-112.156682,33.528046
bus_XFMR-000104,-112.15681,33.52821
bus_XFMR-000105,-112.156998,33.528151
bus_XFMR-000106,-112.157098,33.528015
bus_XFMR-000107,-112.157221,33.52802
bus_XFMR-000108,-112.157354,33.528016
bus_XFMR-000109,-112.157498,33.528
bus_XFMR-000110,-112.157601,33.52819
bus_XFMR-000111,-112.157775,33.528145
bus_XFMR-000112,-112.157827,33.528057
bus_XFMR-000113,-112.158018,33.528158
bus_XFMR-000114,-112.158142,33.527999
bus_XFMR-000115,-112.158266,33.528167
bus_XFMR-000116,-112.158342,33.528219
bus_XFMR-000117,-112.158481,33.528209
bus_XFMR-000118,-112.158647,33.528172
bus_XFMR-000119,-112.158733,33.528214
bus_XFMR-000120,-112.158885,33.528191
bus_XFMR-000121,-112.15901,33.528195
bus_XFMR-000122,-112.159168,33.528001
bus_XFMR-000123,-112.159327,33.527971
bus_XFMR-000124,-112.159367,33.528059
bus_XFMR-000125,-112.159565,33.528153
bus_XFMR-000126,-112.159706,33.527977
bus_XFMR-000127,-112.15975,33.528226
bus_XFMR-000128,-112.159884,33.528056
bus_XFMR-000129,-112.160082,33.528151
bus_XFMR-000130,-112.160145,33.528051
bus_XFMR-000131,-112.16028,33.528045
bus_XFMR-000132,-112.160456,33.527997
bus_XFMR-000133,-112.160603,33.528143
bus_XFMR-000134,-112.160652,33.528223
bus_XFMR-000135,-112.160812,33.528027
bus_XFMR-000136,-112.161002,33.527966
bus_XFMR-000137,-112.161092,33.528005
bus_XFMR-000138,-112.161181,33.528207
bus_XFMR-000139,-112.161349,33.528169
bus_XFMR-000140,-112.16142,33.528226
bus_XFMR-000141,-112.161623,33.527987
bus_XFMR-000142,-112.161681,33.528222
bus_XFMR-000143,-112.161885,33.527982
bus_XFMR-000144,-112.162024,33.528136
bus_XFMR-000145,-112.162156,33.528132
bus_XFMR-000146,-112.162279,33.527974
bus_XFMR-000147,-112.162413,33.527968
bus_XFMR-000148,-112.16247,33.528203
bus_XFMR-000149,-112.162596,33.528206
bus_XFMR-000150,-112.162754,33.528013
bus_XFMR-000151,-112.162871,33.528024
bus_XFMR-000152,-112.162987,33.528201
bus_XFMR-000153,-112.163187,33.528129
bus_XFMR-000154,-112.163245,33.528036
bus_XFMR-000155,-112.163374,33.528199
bus_XFMR-000156,-112.163517,33.52802
bus_XFMR-000157,-112.163634,33.528196
bus_XFMR-000158,-112.163811,33.528148
bus_XFMR-000159,-112.163907,33.52818
bus_XFMR-000160,-112.164064,33.528152
bus_XFMR-000161,-112.164185,33.528159
bus_XFMR-000162,-112.164291,33.528181
bus_XFMR-000163,-112.164403,33.528198
bus_XFMR-000164,-112.164549,33.528181
bus_XFMR-000165,-112.164678,33.528016
bus_XFMR-000166,-112.164791,33.528031
bus_XFMR-000167,-112.1649,33.528215
bus_XFMR-000168,-112.165026,33.528054
bus_XFMR-000169,-112.165151,33.528057
bus_XFMR-000170,-112.165355,33.528146
bus_XFMR-000171,-112.165404,33.528225
bus_XFMR-000172,-112.165611,33.527982
bus_XFMR-000173,-112.165757,33.528128
bus_XFMR-000174,-112.165798,33.528217
bus_XFMR-000175,-112.165918,33.528225
bus_XFMR-000176,-112.166069,33.528202
bus_XFMR-000177,-112.166249,33.527987
bus_XFMR-000178,-112.166312,33.528217
bus_XFMR-000179,-112.166434,33.528223
bus_XFMR-000180,-112.166611,33.52801
bus_XFMR-000181,-112.166751,33.527999
bus_XFMR-000182,-112.166882,33.52816
bus_XFMR-000183,-112.166993,33.528014
bus_XFMR-000184,-112.167126,33.528173
bus_XFMR-000185,-112.167293,33.528134
bus_XFMR-000186,-112.167422,33.528134
bus_XFMR-000187,-112.16746,33.528225
bus_XFMR-000188,-112.16759,33.528059
bus_XFMR-000189,-112.167775,33.528002
bus_XFMR-000190,-112.167871,33.528199
bus_XFMR-000191,-112.168044,33.527991
bus_XFMR-000192,-112.168193,33.52797
bus_XFMR-000193,-112.168285,33.528007
bus_XFMR-000194,-112.168399,33.528185
bus_XFMR-000195,-112.168556,33.527993
bus_XFMR-000196,-112.168665,33.528177
bus_XFMR-000197,-112.168802,33.528168
bus_XFMR-000198,-112.1689,33.528198
bus_XFMR-000199,-112.169061,33.528166
bus_XFMR-000200,-112.169156,33.528035
bus_XFMR-000201,-112.169269,33.52805
bus_XFMR-000202,-112.169452,33.527996
bus_XFMR-000203,-112.169543,33.528197
bus_XFMR-000204,-112.169677,33.528192
bus_XFMR-000205,-112.169798,33.528199
bus_XFMR-000206,-112.169977,33.527985
bus_XFMR-000207,-112.170105,33.527986
bus_XFMR-000208,-112.170192,33.528191
bus_XFMR-000209,-112.170336,33.528012
bus_XFMR-000210,-112.170472,33.528004
bus_XFMR-000211,-112.170604,33.528164
bus_XFMR-000212,-112.170769,33.528128
bus_XFMR-000213,-112.170818,33.528044
bus_XFMR-000214,-112.171002,33.528152
bus_XFMR-000215,-112.17111,33.528009
bus_XFMR-000216,-112.171275,33.528136
bus_XFMR-000217,-112.171395,33.528144
bus_XFMR-000218,-112.171449,33.528055
bus_XFMR-000219,-112.171601,33.528195
bus_XFMR-000220,-112.171777,33.527984
bus_XFMR-000221,-112.171843,33.52821
bus_XFMR-000222,-112.171956,33.528062
bus_XFMR-000223,-112.172099,33.528211
bus_XFMR-000224,-112.172233,33.528205
bus_XFMR-000225,-112.172372,33.528195
bus_XFMR-000226,-112.172542,33.528154
bus_XFMR-000227,-112.172697,33.528128
bus_XFMR-000228,-112.172783,33.52817
bus_XFMR-000229,-112.172894,33.528187
bus_XFMR-000230,-112.17301,33.528035
bus_XFMR-000231,-112.173184,33.528154
bus_XFMR-000232,-112.17331,33.527993
bus_XFMR-000233,-112.173449,33.527983
bus_XFMR-000234,-112.173559,33.528165
bus_XFMR-000235,-112.173693,33.527995
bus_XFMR-000236,-112.173784,33.528196
bus_XFMR-000237,-112.173904,33.528206
bus_XFMR-000238,-112.174034,33.52804
bus_XFMR-000239,-112.174232,33.528134
bus_XFMR-000240,-112.174302,33.528193
bus_XFMR-000241,-112.174443,33.52818
bus_XFMR-000242,-112.174533,33.528054
bus_XFMR-000243,-112.174697,33.528183
bus_XFMR-000244,-112.174859,33.527985
bus_XFMR-000245,-112.17496,33.528177
bus_XFMR-000246,-112.17513,33.527972
bus_XFMR-000247,-112.175232,33.527998
bus_XFMR-000248,-112.175315,33.528044
bus_XFMR-000249,-112.175508,33.527979
bus_XFMR-000250,-112.175606,33.528173
bus_XFMR-000251,-112.175778,33.527966
bus_XFMR-000252,-112.175889,33.527984
bus_XFMR-000253,-112.176027,33.528138
bus_XFMR-000254,-112.176108,33.528186
bus_XFMR-000255,-112.176224,33.528198
bus_XFMR-000256,-112.1764,33.527987
bus_XFMR-000257,-112.176538,33.528141
bus_XFMR-000258,-112.176616,33.528028
bus_XFMR-000259,-112.176725,33.528047
bus_XFMR-000260,-112.176841,33.528223
bus_XFMR-000261,-112.177017,33.528012
bus_XFMR-000262,-112.177141,33.528017
bus_XFMR-000263,-112.177312,33.528138
bus_XFMR-000264,-112.177409,33.528006
bus_XFMR-000265,-112.177498,33.528209
bus_XFMR-000266,-112.177673,33.528162
bus_XFMR-000267,-112.17778,33.528184
bus_XFMR-000268,-112.177908,33.52802
bus_XFMR-000269,-112.178081,33.527976
bus_XFMR-000270,-112.178208,33.528141
bus_XFMR-000271,-112.178263,33.528051
bus_XFMR-000272,-112.178431,33.528012
bus_XFMR-000273,-112.178523,33.528212
bus_XFMR-000274,-112.178708,33.527991
bus_XFMR-000275,-112.17886,33.528132
bus_XFMR-000276,-112.178898,33.528059
bus_XFMR-000277,-112.179086,33.527999
bus_XFMR-000278,-112.179178,33.528036
bus_XFMR-000279,-112.179371,33.527971
bus_XFMR-000280,-112.179426,33.528209
bus_XFMR-000281,-112.179555,33.528044
bus_XFMR-000282,-112.179689,33.528038
bus_XFMR-000283,-112.179832,33.528024
bus_XFMR-000284,-112.17998,33.528168
bus_XFMR-000285,-112.180111,33.528165
bus_XFMR-000286,-112.180253,33.528152
bus_XFMR-000287,-112.180388,33.528146
bus_XFMR-000288,-112.180511,33.527987
bus_XFMR-000289,-112.18058,33.528211
bus_XFMR-000290,-112.180785,33.528134
bus_XFMR-000291,-112.180849,33.528198
bus_XFMR-000292,-112.180988,33.528189
bus_XFMR-000293,-112.181162,33.528143
bus_XFMR-000294,-112.181211,33.528058
bus_XFMR-000295,-112.181374,33.528188
bus_XFMR-000296,-112.181493,33.528033
bus_XFMR-000297,-112.181614,33.528205
bus_XFMR-000298,-112.181814,33.527969
bus_XFMR-000299,-112.181932,33.52798
bus_XFMR-000300,-112.182054,33.527986
bus_XFMR-000301,-112.182167,33.528001
bus_XFMR-000302,-112.182292,33.528169
bus_XFMR-000303,-112.182451,33.527975
bus_XFMR-000304,-112.182504,33.528214
bus_XFMR-000305,-112.182663,33.528183
bus_XFMR-000306,-112.182748,33.528063
bus_XFMR-000307,-112.182974,33.528129
bus_XFMR-000308,-112.183067,33.528165
bus_XFMR-000309,-112.183136,33.52806
bus_XFMR-000310,-112.183272,33.528217
bus_XFMR-000311,-112.183451,33.528002
bus_XFMR-000312,-112.183588,33.528159
bus_XFMR-000313,-112.183727,33.527983
bus_XFMR-000314,-112.183864,33.528139
bus_XFMR-000315,-112.183995,33.528136
bus_XFMR-000316,-112.184108,33.528152
bus_XFMR-000317,-112.184162,33.528062
bus_XFMR-000318,-112.18438,33.527972
bus_XFMR-000319,-112.184436,33.528209
bus_XFMR-000320,-112.184566,33.528044
bus_XFMR-000321,-112.184692,33.52821
bus_XFMR-000322,-112.184861,33.52817
bus_XFMR-000323,-112.185011,33.527984
bus_XFMR-000324,-112.185099,33.528189
bus_XFMR-000325,-112.185276,33.527977
bus_XFMR-000326,-112.185319,33.528226
bus_XFMR-000327,-112.185508,33.528002
bus_XFMR-000328,-112.185576,33.528226
bus_XFMR-000329,-112.185777,33.52799
bus_XFMR-000330,-112.185873,33.528186
bus_XFMR-000331,-112.185965,33.528222
bus_XFMR-000332,-112.186166,33.527986
bus_XFMR-000333,-112.186297,33.527983
bus_XFMR-000334,-112.186387,33.528022
bus_XFMR-000335,-112.186508,33.528029
bus_XFMR-000336,-112.186659,33.528171
bus_XFMR-000337,-112.18677,33.528188
bus_XFMR-000338,-112.18693,33.527992
bus_XFMR-000339,-112.187056,33.527995
bus_XFMR-000340,-112.187209,33.528135
bus_XFMR-000341,-112.187312,33.527997
bus_XFMR-000342,-112.187395,33.528042
bus_XFMR-000343,-112.187553,33.528176
bus_XFMR-000344,-112.187673,33.528021
bus_XFMR-000345,-112.187833,33.527989
bus_XFMR-000346,-112.187933,33.528018
bus_XFMR-000347,-112.1881,33.528143
bus_XFMR-000348,-112.188204,33.528168
bus_XFMR-000349,-112.188316,33.528184
bus_XFMR-000350,-112.188419,33.528209
bus_XFMR-000351,-112.188532,33.528225
bus_XFMR-000352,-112.188732,33.528154
bus_XFMR-000353,-112.188861,33.528153
bus_XFMR-000354,-112.188946,33.528033
bus_XFMR-000355,-112.189085,33.528022
bus_XFMR-000356,-112.189225,33.52801
bus_XFMR-000357,-112.189344,33.52802
bus_XFMR-000358,-112.189449,33.528044
bus_XFMR-000359,-112.189576,33.528045
bus_XFMR-000360,-112.189747,33.528167
bus_XFMR-000361,-112.189863,33.528179
bus_XFMR-000362,-112.189968,33.528039
bus_XFMR-000363,-112.190084,33.528215
bus_XFMR-000364,-112.190283,33.528144
bus_XFMR-000365,-112.14356,33.528426
bus_XFMR-000366,-112.143401,33.528699
bus_XFMR-000367,-112.143357,33.529055
bus_XFMR-000368,-112.143387,33.529336
bus_XFMR-000369,-112.143424,33.529611
bus_XFMR-000370,-112.143609,33.529936
bus_XFMR-000371,-112.143404,33.530255
bus_XFMR-000372,-112.143382,33.530588
bus_XFMR-000373,-112.143415,33.530868
bus_XFMR-000374,-112.143572,33.53122
bus_XFMR-000375,-112.143588,33.531516
bus_XFMR-000376,-112.143549,33.531867
bus_XFMR-000377,-112.143393,33.532136
bus_XFMR-000378,-112.143349,33.532493
bus_XFMR-000379,-112.143347,33.532806
bus_XFMR-000380,-112.143403,33.533062
bus_XFMR-000381,-112.143605,33.53337
bus_XFMR-000382,-112.143365,33.533723
bus_XFMR-000383,-112.143558,33.53404
bus_XFMR-000384,-112.143383,33.534329
bus_XFMR-000385,-112.143619,33.534603
bus_XFMR-000386,-112.143607,33.534927
bus_XFMR-000387,-112.143583,33.535263
bus_XFMR-000388,-112.143344,33.535615
bus_XFMR-000389,-112.143411,33.53586
bus_XFMR-000390,-112.143423,33.53616
bus_XFMR-000391,-112.143602,33.536491
bus_XFMR-000392,-112.143388,33.536819
bus_XFMR-000393,-112.143411,33.537107
bus_XFMR-000394,-112.143556,33.537473
bus_XFMR-000395,-112.143598,33.537742
bus_XFMR-000396,-112.143379,33.538075
bus_XFMR-000397,-112.143415,33.538351
bus_XFMR-000398,-112.14357,33.538706
bus_XFMR-000399,-112.143576,33.539012
bus_XFMR-000400,-112.143419,33.539282
bus_XFMR-000401,-112.143559,33.539651
bus_XFMR-000402,-112.143568,33.539954
bus_XFMR-000403,-112.143601,33.540234
bus_XFMR-000404,-112.143395,33.540553
bus_XFMR-000405,-112.143362,33.540898
bus_XFMR-000406,-112.14342,33.541152
bus_XFMR-000407,-112.143385,33.541499
bus_XFMR-000408,-112.143346,33.54185
bus_XFMR-000409,-112.14354,33.542165
bus_XFMR-000410,-112.143335,33.542484
bus_XFMR-000411,-112.143335,33.542796
bus_XFMR-000412,-112.143612,33.543029
bus_XFMR-000413,-112.143383,33.543372
bus_XFMR-000414,-112.143561,33.543704
bus_XFMR-000415,-112.143405,33.543973
bus_XFMR-000416,-112.14356,33.544328
bus_XFMR-000417,-112.143565,33.544635
bus_XFMR-000418,-112.14338,33.544933
bus_XFMR-000419,-112.143398,33.545228
bus_XFMR-000420,-112.143547,33.545588
bus_XFMR-000421,-112.143419,33.54583
bus_XFMR-000422,-112.143574,33.546185
bus_XFMR-000423,-112.143364,33.546509
bus_XFMR-000424,-112.143354,33.54683
bus_XFMR-000425,-112.143409,33.547088
bus_XFMR-000426,-112.143618,33.547388
bus_XFMR-000427,-112.143412,33.547708
bus_XFMR-000428,-112.143624,33.548005
bus_XFMR-000429,-112.143426,33.548318
bus_XFMR-000430,-112.143547,33.548706
bus_XFMR-000431,-112.143568,33.548997
bus_XFMR-000432,-112.143417,33.549262
bus_XFMR-000433,-112.14341,33.549581
bus_XFMR-000434,-112.143362,33.549941
bus_XFMR-000435,-112.143337,33.550278
bus_XFMR-000436,-112.143626,33.550498
bus_XFMR-000437,-112.143415,33.550823
bus_XFMR-000438,-112.143609,33.551139
bus_XFMR-000439,-112.143555,33.551505
bus_XFMR-000440,-112.143351,33.551822
bus_XFMR-000441,-112.143333,33.552152
bus_XFMR-000442,-112.143353,33.552444
bus_XFMR-000443,-112.143609,33.552698
bus_XFMR-000444,-112.143612,33.553007
bus_XFMR-000445,-112.143415,33.553318
bus_XFMR-000446,-112.143597,33.553646
bus_XFMR-000447,-112.143424,33.553933
bus_XFMR-000448,-112.143415,33.554253
bus_XFMR-000449,-112.143593,33.554585
bus_XFMR-000450,-112.143364,33.554928
bus_XFMR-000451,-112.143591,33.555211
bus_XFMR-000452,-112.143394,33.555522
bus_XFMR-000453,-112.143621,33.555804
bus_XFMR-000454,-112.143566,33.556171
bus_XFMR-000455,-112.143343,33.556508
bus_XFMR-000456,-112.143557,33.556803
bus_XFMR-000457,-112.143572,33.557101
bus_XFMR-000458,-112.143399,33.557387
bus_XFMR-000459,-112.143553,33.557743
bus_XFMR-000460,-112.143422,33.557987
bus_XFMR-000461,-112.143417,33.558304
bus_XFMR-000462,-112.143334,33.558699
bus_XFMR-000463,-112.143569,33.558974
bus_XFMR-000464,-112.143544,33.559311
bus_XFMR-000465,-112.143611,33.559556
bus_XFMR-000466,-112.143421,33.559859
bus_XFMR-000467,-112.1436,33.56019
bus_XFMR-000468,-112.143598,33.560504
bus_XFMR-000469,-112.143598,33.560816
bus_XFMR-000470,-112.143398,33.56113
bus_XFMR-000471,-112.143611,33.561426
bus_XFMR-000472,-112.14354,33.561809
bus_XFMR-000473,-112.14357,33.562091
bus_XFMR-000474,-112.143409,33.562366
bus_XFMR-000475,-112.143563,33.562722
bus_XFMR-000476,-112.143572,33.563024
bus_XFMR-000477,-112.143603,33.563306
bus_XFMR-000478,-112.143537,33.563683
bus_XFMR-000479,-112.143368,33.563967
bus_XFMR-000480,-112.14357,33.564274
bus_XFMR-000481,-112.143349,33.564609
bus_XFMR-000482,-112.143615,33.564852
bus_XFMR-000483,-112.143593,33.565187
bus_XFMR-000484,-112.143363,33.56553
bus_XFMR-000485,-112.143625,33.565778
bus_XFMR-000486,-112.143603,33.566112
bus_XFMR-000487,-112.143409,33.566419
bus_XFMR-000488,-112.143571,33.566768
bus_XFMR-000489,-112.143537,33.567114
bus_XFMR-000490,-112.143379,33.567385
bus_JCT-FDR-0001-001,-112.143575,33.528129
bus_FUSE-XFMR-000001,-112.143571,33.52812
bus_FUSE-XFMR-000002,-112.143642,33.528094
bus_FUSE-XFMR-000003,-112.143652,33.528103
bus_FUSE-XFMR-000004,-112.143668,33.528081
bus_FUSE-XFMR-000005,-112.143678,33.52809
bus_FUSE-XFMR-000006,-112.143628,33.528185
bus_FUSE-XFMR-000007,-112.143709,33.528098
bus_FUSE-XFMR-000008,-112.143719,33.528107
bus_FUSE-XFMR-000009,-112.143728,33.528118
bus_FUSE-XFMR-000010,-112.143714,33.528176
bus_FUSE-XFMR-000011,-112.143773,33.528136
bus_FUSE-XFMR-000012,-112.143838,33.528091
bus_FUSE-XFMR-000013,-112.143844,33.528104
bus_FUSE-XFMR-000014,-112.143867,33.5281
bus_FUSE-XFMR-000015,-112.143838,33.528124
bus_FUSE-XFMR-000016,-112.143874,33.528131
bus_FUSE-XFMR-000017,-112.143865,33.52816
bus_FUSE-XFMR-000018,-112.143894,33.52815
bus_FUSE-XFMR-000019,-112.143933,33.528105
bus_FUSE-XFMR-000020,-112.143963,33.52812
bus_FUSE-XFMR-000021,-112.143975,33.528102
bus_FUSE-XFMR-000022,-112.144014,33.528107
bus_FUSE-XFMR-000023,-112.144019,33.528097
bus_FUSE-XFMR-000024,-112.143971,33.528164
bus_FUSE-XFMR-000025,-112.144009,33.528145
bus_FUSE-XFMR-000026,-112.144106,33.528092
bus_FUSE-XFMR-000027,-112.144093,33.5281
bus_FUSE-XFMR-000028,-112.144149,33.528063
bus_FUSE-XFMR-000029,-112.144141,33.528115
bus_FUSE-XFMR-000030,-112.144094,33.528181
bus_FUSE-XFMR-000031,-112.144194,33.528101
bus_FUSE-XFMR-000032,-112.144174,33.528115
bus_FUSE-XFMR-000033,-112.144241,33.528067
bus_FUSE-XFMR-000034,-112.144217,33.528135
bus_FUSE-XFMR-000035,-112.144267,33.528104
bus_FUSE-XFMR-000036,-112.144232,33.528134
bus_FUSE-XFMR-000037,-112.144319,33.528091
bus_FUSE-XFMR-000038,-112.144245,33.528184
bus_FUSE-XFMR-000039,-112.144272,33.528177
bus_FUSE-XFMR-000040,-112.144353,33.528115
bus_FUSE-XFMR-000041,-112.144343,33.528144
bus_FUSE-XFMR-000042,-112.144381,33.528101
bus_FUSE-XFMR-000043,-112.144349,33.528177
bus_FUSE-XFMR-000044,-112.144384,33.528161
bus_FUSE-XFMR-000045,-112.144437,33.528127
bus_JCT-FDR-0001-002,-112.149351,33.528135
bus_FUSE-XFMR-000046,-112.1494,33.528074
bus_FUSE-XFMR-000047,-112.149375,33.528118
bus_FUSE-XFMR-000048,-112.149424,33.528089
bus_FUSE-XFMR-000049,-112.149449,33.528107
bus_FUSE-XFMR-000050,-112.14942,33.528131
bus_FUSE-XFMR-000051,-112.149488,33.528082
bus_FUSE-XFMR-000052,-112.149425,33.528165
bus_FUSE-XFMR-000053,-112.149451,33.528182
bus_FUSE-XFMR-000054,-112.149477,33.528151
bus_FUSE-XFMR-000055,-112.149537,33.52811
bus_FUSE-XFMR-000056,-112.149503,33.528188
bus_FUSE-XFMR-000057,-112.149566,33.52812
bus_FUSE-XFMR-000058,-112.149603,33.528102
bus_FUSE-XFMR-000059,-112.149616,33.528133
bus_FUSE-XFMR-000060,-112.149665,33.528078
bus_FUSE-XFMR-000061,-112.149625,33.528163
bus_FUSE-XFMR-000062,-112.149633,33.528174
bus_FUSE-XFMR-000063,-112.149654,33.528148
bus_FUSE-XFMR-000064,-112.149718,33.528102
bus_FUSE-XFMR-000065,-112.149744,33.52812
bus_FUSE-XFMR-000066,-112.149744,33.52814
bus_FUSE-XFMR-000067,-112.149753,33.528125
bus_FUSE-XFMR-000068,-112.149781,33.528141
bus_FUSE-XFMR-000069,-112.149772,33.52817
bus_FUSE-XFMR-000070,-112.149834,33.528127
bus_FUSE-XFMR-000071,-112.149841,33.528115
bus_FUSE-XFMR-000072,-112.149874,33.528126
bus_FUSE-XFMR-000073,-112.149853,33.528166
bus_FUSE-XFMR-000074,-112.149894,33.528144
bus_FUSE-XFMR-000075,-112.149959,33.528098
bus_FUSE-XFMR-000076,-112.149976,33.528076
bus_FUSE-XFMR-000077,-112.149922,33.528174
bus_FUSE-XFMR-000078,-112.149975,33.528115
bus_FUSE-XFMR-000079,-112.149957,33.528153
bus_FUSE-XFMR-000080,-112.149984,33.528169
bus_FUSE-XFMR-000081,-112.150075,33.528098
bus_FUSE-XFMR-000082,-112.150075,33.528117
bus_FUSE-XFMR-000083,-112.150081,33.528105
bus_FUSE-XFMR-000084,-112.15008,33.528126
bus_FUSE-XFMR-000085,-112.150158,33.528067
bus_FUSE-XFMR-000086,-112.15018,33.528089
bus_FUSE-XFMR-000087,-112.150179,33.528109
bus_FUSE-XFMR-000088,-112.150157,33.528151
bus_FUSE-XFMR-000089,-112.150142,33.528185
bus_FUSE-XFMR-000090,-112.150173,33.528173
bus_JCT-FDR-0001-003,-112.155163,33.528104
bus_FUSE-XFMR-000091,-112.155189,33.528066
bus_FUSE-XFMR-000092,-112.155195,33.528079
bus_FUSE-XFMR-000093,-112.155165,33.528153
bus_FUSE-XFMR-000094,-112.155175,33.528162
bus_FUSE-XFMR-000095,-112.155203,33.528154
bus_FUSE-XFMR-000096,-112.155268,33.528108
bus_FUSE-XFMR-000097,-112.155261,33.528134
bus_FUSE-XFMR-000098,-112.155324,33.528066
bus_FUSE-XFMR-000099,-112.15532,33.528089
bus_FUSE-XFMR-000100,-112.155366,33.528062
bus_FUSE-XFMR-000101,-112.155369,33.528103
bus_FUSE-XFMR-000102,-112.155404,33.528062
bus_FUSE-XFMR-000103,-112.155414,33.528073
bus_FUSE-XFMR-000104,-112.155405,33.528125
bus_FUSE-XFMR-000105,-112.155419,33.52813
bus_FUSE-XFMR-000106,-112.155445,33.528099
bus_FUSE-XFMR-000107,-112.155457,33.528106
bus_FUSE-XFMR-000108,-112.155509,33.528074
bus_FUSE-XFMR-000109,-112.155555,33.528047
bus_FUSE-XFMR-000110,-112.155539,33.528107
bus_FUSE-XFMR-000111,-112.155544,33.528121
bus_FUSE-XFMR-000112,-112.155538,33.528122
bus_FUSE-XFMR-000113,-112.155568,33.528136
bus_FUSE-XFMR-000114,-112.155599,33.528099
bus_FUSE-XFMR-000115,-112.155635,33.528107
bus_FUSE-XFMR-000116,-112.155621,33.52814
bus_FUSE-XFMR-000117,-112.155653,33.528127
bus_FUSE-XFMR-000118,-112.155692,33.528107
bus_FUSE-XFMR-000119,-112.155657,33.528162
bus_FUSE-XFMR-000120,-112.155679,33.52816
bus_FUSE-XFMR-000121,-112.155726,33.528131
bus_FUSE-XFMR-000122,-112.155772,33.528081
bus_FUSE-XFMR-000123,-112.155832,33.52804
bus_FUSE-XFMR-000124,-112.155824,33.528067
bus_FUSE-XFMR-000125,-112.155858,33.528077
bus_FUSE-XFMR-000126,-112.15586,33.52807
bus_FUSE-XFMR-000127,-112.155863,33.528111
bus_FUSE-XFMR-000128,-112.155886,33.528082
bus_FUSE-XFMR-000129,-112.155882,33.52813
bus_FUSE-XFMR-000130,-112.155931,33.528075
bus_FUSE-XFMR-000131,-112.155925,33.528101
bus_FUSE-XFMR-000132,-112.155914,33.528131
bus_FUSE-XFMR-000133,-112.15593,33.528159
bus_FUSE-XFMR-000134,-112.15598,33.528128
bus_FUSE-XFMR-000135,-112.156,33.528103
bus_JCT-FDR-0001-004,-112.160974,33.528075
bus_FUSE-XFMR-000136,-112.161011,33.528026
bus_FUSE-XFMR-000137,-112.160946,33.528111
bus_FUSE-XFMR-000138,-112.160957,33.528143
bus_FUSE-XFMR-000139,-112.160999,33.52812
bus_FUSE-XFMR-000140,-112.161025,33.528114
bus_FUSE-XFMR-000141,-112.161036,33.528098
bus_FUSE-XFMR-000142,-112.161084,33.528094
bus_FUSE-XFMR-000143,-112.161139,33.528033
bus_FUSE-XFMR-000144,-112.161122,33.528094
bus_FUSE-XFMR-000145,-112.161125,33.52811
bus_FUSE-XFMR-000146,-112.161124,33.528105
bus_FUSE-XFMR-000147,-112.161203,33.528046
bus_FUSE-XFMR-000148,-112.161247,33.528045
bus_FUSE-XFMR-000149,-112.161236,33.528076
bus_FUSE-XFMR-000150,-112.161198,33.528109
bus_FUSE-XFMR-000151,-112.161229,33.528096
bus_FUSE-XFMR-000152,-112.161299,33.528071
bus_FUSE-XFMR-000153,-112.161259,33.52813
bus_FUSE-XFMR-000154,-112.161337,33.528047
bus_FUSE-XFMR-000155,-112.161328,33.5281
bus_FUSE-XFMR-000156,-112.161338,33.528084
bus_FUSE-XFMR-000157,-112.161348,33.528118
bus_FUSE-XFMR-000158,-112.161448,33.528038
bus_FUSE-XFMR-000159,-112.161377,33.528127
bus_FUSE-XFMR-000160,-112.161431,33.528093
bus_FUSE-XFMR-000161,-112.161425,33.528118
bus_FUSE-XFMR-000162,-112.161443,33.528119
bus_FUSE-XFMR-000163,-112.161465,33.528117
bus_FUSE-XFMR-000164,-112.161485,33.528117
bus_FUSE-XFMR-000165,-112.161539,33.528057
bus_FUSE-XFMR-000166,-112.161527,33.528088
bus_FUSE-XFMR-000167,-112.161574,33.528085
bus_FUSE-XFMR-000168,-112.161614,33.52804
bus_FUSE-XFMR-000169,-112.16157,33.528103
bus_FUSE-XFMR-000170,-112.161628,33.528089
bus_FUSE-XFMR-000171,-112.161609,33.528127
bus_FUSE-XFMR-000172,-112.161621,33.52811
bus_FUSE-XFMR-000173,-112.161678,33.528096
bus_FUSE-XFMR-000174,-112.16166,33.528134
bus_FUSE-XFMR-000175,-112.161704,33.528109
bus_FUSE-XFMR-000176,-112.16171,33.528122
bus_FUSE-XFMR-000177,-112.161763,33.528064
bus_FUSE-XFMR-000178,-112.161787,33.528084
bus_FUSE-XFMR-000179,-112.161744,33.528147
bus_FUSE-XFMR-000180,-112.161777,33.528108
bus_JCT-FDR-0001-005,-112.166717,33.528115
bus_FUSE-XFMR-000181,-112.166769,33.52805
bus_FUSE-XFMR-000182,-112.16674,33.528124
bus_FUSE-XFMR-000183,-112.166762,33.528096
bus_FUSE-XFMR-000184,-112.166809,33.528093
bus_FUSE-XFMR-000185,-112.166816,33.528105
bus_FUSE-XFMR-000186,-112.166851,33.52809
bus_FUSE-XFMR-000187,-112.166822,33.528138
bus_FUSE-XFMR-000188,-112.166857,33.528098
bus_FUSE-XFMR-000189,-112.166895,33.528079
bus_FUSE-XFMR-000190,-112.166902,33.528115
bus_FUSE-XFMR-000191,-112.166941,33.528072
bus_FUSE-XFMR-000192,-112.166972,33.52806
bus_FUSE-XFMR-000193,-112.166908,33.528143
bus_FUSE-XFMR-000194,-112.166959,33.528136
bus_FUSE-XFMR-000195,-112.167008,33.528081
bus_FUSE-XFMR-000196,-112.167029,33.528105
bus_FUSE-XFMR-000197,-112.167023,33.52813
bus_FUSE-XFMR-000198,-112.167057,33.528115
bus_FUSE-XFMR-000199,-112.167025,33.528166
bus_FUSE-XFMR-000200,-112.167084,33.528102
bus_FUSE-XFMR-000201,-112.167104,33.528101
bus_FUSE-XFMR-000202,-112.167092,33.528132
bus_FUSE-XFMR-000203,-112.167155,33.528114
bus_FUSE-XFMR-000204,-112.16712,33.528167
bus_FUSE-XFMR-000205,-112.167211,33.528095
bus_FUSE-XFMR-000206,-112.167244,33.528057
bus_FUSE-XFMR-000207,-112.167179,33.528142
bus_FUSE-XFMR-000208,-112.167256,33.528109
bus_FUSE-XFMR-000209,-112.167248,33.528111
bus_FUSE-XFMR-000210,-112.167278,33.528101
bus_FUSE-XFMR-000211,-112.167261,33.528162
bus_FUSE-XFMR-000212,-112.167284,33.528157
bus_FUSE-XFMR-000213,-112.167347,33.528089
bus_FUSE-XFMR-000214,-112.167406,33.528074
bus_FUSE-XFMR-000215,-112.167404,33.528071
bus_FUSE-XFMR-000216,-112.167366,33.528153
bus_FUSE-XFMR-000217,-112.167449,33.528089
bus_FUSE-XFMR-000218,-112.167377,33.528156
bus_FUSE-XFMR-000219,-112.167402,33.528175
bus_FUSE-XFMR-000220,-112.167512,33.528059
bus_FUSE-XFMR-000221,-112.167483,33.528132
bus_FUSE-XFMR-000222,-112.167521,33.528089
bus_FUSE-XFMR-000223,-112.167504,33.52815
bus_FUSE-XFMR-000224,-112.167531,33.528142
bus_FUSE-XFMR-000225,-112.167546,33.528146
bus_JCT-FDR-0001-006,-112.17249,33.528124
bus_FUSE-XFMR-000226,-112.172452,33.528175
bus_FUSE-XFMR-000227,-112.172547,33.528098
bus_FUSE-XFMR-000228,-112.172522,33.528143
bus_FUSE-XFMR-000229,-112.172519,33.528165
bus_FUSE-XFMR-000230,-112.172558,33.528121
bus_FUSE-XFMR-000231,-112.172639,33.528084
bus_FUSE-XFMR-000232,-112.17262,33.528098
bus_FUSE-XFMR-000233,-112.172632,33.528105
bus_FUSE-XFMR-000234,-112.172686,33.528095
bus_FUSE-XFMR-000235,-112.172678,33.528097
bus_FUSE-XFMR-000236,-112.172731,33.528088
bus_FUSE-XFMR-000237,-112.172734,33.528104
bus_FUSE-XFMR-000238,-112.17272,33.528113
bus_FUSE-XFMR-000239,-112.172722,33.528154
bus_FUSE-XFMR-000240,-112.172799,33.528097
bus_FUSE-XFMR-000241,-112.172774,33.528141
bus_FUSE-XFMR-000242,-112.172809,33.528101
bus_FUSE-XFMR-000243,-112.172778,33.528175
bus_FUSE-XFMR-000244,-112.172819,33.52813
bus_FUSE-XFMR-000245,-112.172818,33.528174
bus_FUSE-XFMR-000246,-112.17291,33.528077
bus_FUSE-XFMR-000247,-112.172915,33.528091
bus_FUSE-XFMR-000248,-112.172929,33.528097
bus_FUSE-XFMR-000249,-112.17299,33.528054
bus_FUSE-XFMR-000250,-112.173001,33.528088
bus_FUSE-XFMR-000251,-112.172975,33.528108
bus_FUSE-XFMR-000252,-112.173045,33.528058
bus_FUSE-XFMR-000253,-112.173023,33.528124
bus_FUSE-XFMR-000254,-112.173083,33.528083
bus_FUSE-XFMR-000255,-112.173084,33.528101
bus_FUSE-XFMR-000256,-112.17305,33.52813
bus_FUSE-XFMR-000257,-112.173059,33.528165
bus_FUSE-XFMR-000258,-112.173079,33.52814
bus_FUSE-XFMR-000259,-112.173134,33.528103
bus_FUSE-XFMR-000260,-112.173112,33.528169
bus_FUSE-XFMR-000261,-112.173126,33.52815
bus_FUSE-XFMR-000262,-112.173175,33.52812
bus_FUSE-XFMR-000263,-112.173239,33.528101
bus_FUSE-XFMR-000264,-112.173263,33.528071
bus_FUSE-XFMR-000265,-112.173255,33.528123
bus_FUSE-XFMR-000266,-112.173306,33.528091
bus_FUSE-XFMR-000267,-112.173281,33.528136
bus_FUSE-XFMR-000268,-112.17331,33.528101
bus_FUSE-XFMR-000269,-112.173334,33.528097
bus_FUSE-XFMR-000270,-112.173375,33.528099
bus_JCT-FDR-0001-007,-112.178311,33.528084
bus_FUSE-XFMR-000271,-112.178298,33.528085
bus_FUSE-XFMR-000272,-112.178323,33.528079
bus_FUSE-XFMR-000273,-112.178374,33.528072
bus_FUSE-XFMR-000274,-112.178354,33.528086
bus_FUSE-XFMR-000275,-112.178401,33.528083
bus_FUSE-XFMR-000276,-112.178365,33.528114
bus_FUSE-XFMR-000277,-112.178451,33.528047
bus_FUSE-XFMR-000278,-112.178423,33.528094
bus_FUSE-XFMR-000279,-112.178493,33.528045
bus_FUSE-XFMR-000280,-112.178446,33.528135
bus_FUSE-XFMR-000281,-112.178453,33.528123
bus_FUSE-XFMR-000282,-112.178528,33.528067
bus_FUSE-XFMR-000283,-112.178524,33.52809
bus_FUSE-XFMR-000284,-112.178545,33.528113
bus_FUSE-XFMR-000285,-112.17859,33.528088
bus_FUSE-XFMR-000286,-112.178615,33.528081
bus_FUSE-XFMR-000287,-112.178578,33.528138
bus_FUSE-XFMR-000288,-112.178663,33.528048
bus_FUSE-XFMR-000289,-112.17866,33.528094
bus_FUSE-XFMR-000290,-112.178688,33.528086
bus_FUSE-XFMR-000291,-112.178708,33.528085
bus_FUSE-XFMR-000292,-112.178697,33.528116
bus_FUSE-XFMR-000293,-112.178745,33.528086
bus_FUSE-XFMR-000294,-112.178729,33.528098
bus_FUSE-XFMR-000295,-112.178776,33.528094
bus_FUSE-XFMR-000296,-112.178829,33.528035
bus_FUSE-XFMR-000297,-112.178794,33.528115
bus_FUSE-XFMR-000298,-112.178837,33.528066
bus_FUSE-XFMR-000299,-112.178862,33.528061
bus_FUSE-XFMR-000300,-112.17889,33.528051
bus_FUSE-XFMR-000301,-112.178937,33.528024
bus_FUSE-XFMR-000302,-112.178935,33.52807
bus_FUSE-XFMR-000303,-112.178893,33.528107
bus_FUSE-XFMR-000304,-112.178919,33.528124
bus_FUSE-XFMR-000305,-112.178926,33.528137
bus_FUSE-XFMR-000306,-112.179004,33.528053
bus_FUSE-XFMR-000307,-112.179057,33.528044
bus_FUSE-XFMR-000308,-112.179026,33.528095
bus_FUSE-XFMR-000309,-112.178986,33.528129
bus_FUSE-XFMR-000310,-112.179084,33.528075
bus_FUSE-XFMR-000311,-112.179034,33.52812
bus_FUSE-XFMR-000312,-112.179091,33.528107
bus_FUSE-XFMR-000313,-112.179095,33.528097
bus_FUSE-XFMR-000314,-112.179159,33.528077
bus_FUSE-XFMR-000315,-112.179123,33.528132
bus_JCT-FDR-0001-008,-112.184075,33.528103
bus_FUSE-XFMR-000316,-112.18409,33.528101
bus_FUSE-XFMR-000317,-112.18411,33.528075
bus_FUSE-XFMR-000318,-112.184097,33.528107
bus_FUSE-XFMR-000319,-112.184116,33.528132
bus_FUSE-XFMR-000320,-112.184151,33.528091
bus_FUSE-XFMR-000321,-112.184162,33.528125
bus_FUSE-XFMR-000322,-112.184167,33.528138
bus_FUSE-XFMR-000323,-112.184235,33.528065
bus_FUSE-XFMR-000324,-112.184195,33.528149
bus_FUSE-XFMR-000325,-112.184208,33.528131
bus_FUSE-XFMR-000326,-112.184258,33.528125
bus_FUSE-XFMR-000327,-112.184244,33.528134
bus_FUSE-XFMR-000328,-112.184317,33.528104
bus_FUSE-XFMR-000329,-112.184296,33.528121
bus_FUSE-XFMR-000330,-112.184299,33.528162
bus_FUSE-XFMR-000331,-112.184358,33.528121
bus_FUSE-XFMR-000332,-112.184356,33.528118
bus_FUSE-XFMR-000333,-112.184408,33.528085
bus_FUSE-XFMR-000334,-112.184396,33.528116
bus_FUSE-XFMR-000335,-112.184454,33.528078
bus_FUSE-XFMR-000336,-112.184431,33.528145
bus_FUSE-XFMR-000337,-112.184468,33.528127
bus_FUSE-XFMR-000338,-112.184531,33.528058
bus_FUSE-XFMR-000339,-112.184478,33.528131
bus_FUSE-XFMR-000340,-112.18456,33.528093
bus_FUSE-XFMR-000341,-112.184551,33.528097
bus_FUSE-XFMR-000342,-112.184584,33.528083
bus_FUSE-XFMR-000343,-112.184639,33.528072
bus_FUSE-XFMR-000344,-112.184652,33.528054
bus_FUSE-XFMR-000345,-112.184637,33.528088
bus_FUSE-XFMR-000346,-112.184686,33.528058
bus_FUSE-XFMR-000347,-112.184676,33.528112
bus_FUSE-XFMR-000348,-112.184725,33.528083
bus_FUSE-XFMR-000349,-112.184739,33.528087
bus_FUSE-XFMR-000350,-112.184727,33.528118
bus_FUSE-XFMR-000351,-112.184773,33.528092
bus_FUSE-XFMR-000352,-112.184805,33.528079
bus_FUSE-XFMR-000353,-112.18478,33.528123
bus_FUSE-XFMR-000354,-112.184841,33.528057
bus_FUSE-XFMR-000355,-112.184828,33.52809
bus_FUSE-XFMR-000356,-112.184815,33.528122
bus_FUSE-XFMR-000357,-112.184834,33.528122
bus_FUSE-XFMR-000358,-112.18487,33.528106
bus_FUSE-XFMR-000359,-112.184863,33.528132
bus_FUSE-XFMR-000360,-112.184955,33.528083
bus_JCT-FDR-0001-009,-112.18988,33.52808
bus_FUSE-XFMR-000361,-112.189878,33.528094
bus_FUSE-XFMR-000362,-112.189879,33.528088
bus_FUSE-XFMR-000363,-112.189957,33.528053
bus_FUSE-XFMR-000364,-112.189966,33.528065
bus_JCT-FDR-0002-001,-112.143446,33.52844
bus_FUSE-XFMR-000365,-112.143413,33.528488
bus_FUSE-XFMR-000366,-112.143471,33.528447
bus_FUSE-XFMR-000367,-112.143421,33.528544
bus_FUSE-XFMR-000368,-112.143427,33.528584
bus_FUSE-XFMR-000369,-112.143394,33.528665
bus_FUSE-XFMR-000370,-112.143469,33.528666
bus_FUSE-XFMR-000371,-112.143413,33.528739
bus_FUSE-XFMR-000372,-112.143426,33.528772
bus_FUSE-XFMR-000373,-112.143477,33.528768
bus_FUSE-XFMR-000374,-112.14343,33.528892
bus_FUSE-XFMR-000375,-112.14343,33.528939
bus_FUSE-XFMR-000376,-112.14344,33.528975
bus_FUSE-XFMR-000377,-112.143438,33.528995
bus_FUSE-XFMR-000378,-112.143415,33.529064
bus_FUSE-XFMR-000379,-112.143393,33.529133
bus_FUSE-XFMR-000380,-112.143392,33.529181
bus_FUSE-XFMR-000381,-112.143515,33.529135
bus_FUSE-XFMR-000382,-112.143471,33.529195
bus_FUSE-XFMR-000383,-112.143504,33.529238
bus_JCT-FDR-0002-002,-112.143466,33.534345
bus_FUSE-XFMR-000384,-112.143408,33.534388
bus_FUSE-XFMR-000385,-112.143536,33.534337
bus_FUSE-XFMR-000386,-112.143479,33.534441
bus_FUSE-XFMR-000387,-112.14348,33.534487
bus_FUSE-XFMR-000388,-112.143422,33.534561
bus_FUSE-XFMR-000389,-112.143423,33.534607
bus_FUSE-XFMR-000390,-112.143415,33.534662
bus_FUSE-XFMR-000391,-112.143513,33.53464
bus_FUSE-XFMR-000392,-112.143432,33.534738
bus_FUSE-XFMR-000393,-112.143459,33.534758
bus_FUSE-XFMR-000394,-112.143431,33.534863
bus_FUSE-XFMR-000395,-112.143479,33.534861
bus_FUSE-XFMR-000396,-112.14341,33.534947
bus_FUSE-XFMR-000397,-112.143417,33.534987
bus_FUSE-XFMR-000398,-112.143453,33.535028
bus_FUSE-XFMR-000399,-112.14352,33.535008
bus_FUSE-XFMR-000400,-112.143472,33.535072
bus_FUSE-XFMR-000401,-112.143445,33.535176
bus_FUSE-XFMR-000402,-112.143439,33.535228
bus_JCT-FDR-0002-003,-112.143443,33.540293
bus_FUSE-XFMR-000403,-112.143422,33.540329
bus_FUSE-XFMR-000404,-112.143456,33.540312
bus_FUSE-XFMR-000405,-112.143449,33.540366
bus_FUSE-XFMR-000406,-112.143483,33.540379
bus_FUSE-XFMR-000407,-112.14346,33.540449
bus_FUSE-XFMR-000408,-112.143386,33.540569
bus_FUSE-XFMR-000409,-112.143443,33.540589
bus_FUSE-XFMR-000410,-112.143455,33.540593
bus_FUSE-XFMR-000411,-112.143464,33.540631
bus_FUSE-XFMR-000412,-112.143512,33.54066
bus_FUSE-XFMR-000413,-112.143394,33.540794
bus_FUSE-XFMR-000414,-112.143497,33.540769
bus_FUSE-XFMR-000415,-112.143464,33.540818
bus_FUSE-XFMR-000416,-112.143464,33.540895
bus_FUSE-XFMR-000417,-112.143469,33.540936
bus_FUSE-XFMR-000418,-112.143417,33.541005
bus_FUSE-XFMR-000419,-112.143445,33.541025
bus_FUSE-XFMR-000420,-112.143473,33.541073
bus_FUSE-XFMR-000421,-112.143417,33.541146
bus_JCT-FDR-0002-004,-112.143465,33.546195
bus_FUSE-XFMR-000422,-112.143508,33.546167
bus_FUSE-XFMR-000423,-112.143423,33.546269
bus_FUSE-XFMR-000424,-112.143486,33.546252
bus_FUSE-XFMR-000425,-112.14349,33.546296
bus_FUSE-XFMR-000426,-112.143498,33.546364
bus_FUSE-XFMR-000427,-112.14349,33.546389
bus_FUSE-XFMR-000428,-112.143519,33.546437
bus_FUSE-XFMR-000429,-112.143426,33.546546
bus_FUSE-XFMR-000430,-112.143462,33.546587
bus_FUSE-XFMR-000431,-112.14344,33.546656
bus_FUSE-XFMR-000432,-112.1435,33.546613
bus_FUSE-XFMR-000433,-112.143444,33.546716
bus_FUSE-XFMR-000434,-112.143452,33.546754
bus_FUSE-XFMR-000435,-112.143463,33.54679
bus_FUSE-XFMR-000436,-112.143537,33.546792
bus_FUSE-XFMR-000437,-112.14349,33.546857
bus_FUSE-XFMR-000438,-112.14352,33.546903
bus_FUSE-XFMR-000439,-112.14352,33.54695
bus_FUSE-XFMR-000440,-112.143474,33.547013
bus_JCT-FDR-0002-005,-112.14353,33.552055
bus_FUSE-XFMR-000441,-112.143522,33.552048
bus_FUSE-XFMR-000442,-112.143532,33.552085
bus_FUSE-XFMR-000443,-112.143529,33.552164
bus_FUSE-XFMR-000444,-112.143561,33.552179
bus_FUSE-XFMR-000445,-112.143516,33.552242
bus_FUSE-XFMR-000446,-112.14359,33.552244
bus_FUSE-XFMR-000447,-112.143481,33.55237
bus_FUSE-XFMR-000448,-112.143533,33.552365
bus_FUSE-XFMR-000449,-112.143547,33.552427
bus_FUSE-XFMR-000450,-112.143484,33.552507
bus_FUSE-XFMR-000451,-112.143567,33.552501
bus_FUSE-XFMR-000452,-112.143538,33.552546
bus_FUSE-XFMR-000453,-112.143553,33.552608
bus_FUSE-XFMR-000454,-112.143567,33.552641
bus_FUSE-XFMR-000455,-112.143536,33.552689
bus_FUSE-XFMR-000456,-112.143513,33.552789
bus_FUSE-XFMR-000457,-112.143534,33.552814
bus_FUSE-XFMR-000458,-112.143549,33.552816
bus_FUSE-XFMR-000459,-112.143541,33.5529
bus_JCT-FDR-0002-006,-112.14348,33.558029
bus_FUSE-XFMR-000460,-112.143434,33.55806
bus_FUSE-XFMR-000461,-112.143487,33.558054
bus_FUSE-XFMR-000462,-112.143453,33.558134
bus_FUSE-XFMR-000463,-112.143454,33.55821
bus_FUSE-XFMR-000464,-112.143467,33.558243
bus_FUSE-XFMR-000465,-112.143536,33.558221
bus_FUSE-XFMR-000466,-112.143458,33.558317
bus_FUSE-XFMR-000467,-112.143483,33.558368
bus_FUSE-XFMR-000468,-112.143508,33.55839
bus_FUSE-XFMR-000469,-112.143471,33.558474
bus_FUSE-XFMR-000470,-112.14342,33.558542
bus_FUSE-XFMR-000471,-112.143459,33.558579
bus_FUSE-XFMR-000472,-112.143474,33.558611
bus_FUSE-XFMR-000473,-112.143468,33.558664
bus_FUSE-XFMR-000474,-112.143507,33.558642
bus_FUSE-XFMR-000475,-112.143542,33.558684
bus_FUSE-XFMR-000476,-112.143533,33.558739
bus_FUSE-XFMR-000477,-112.143519,33.5588
bus_FUSE-XFMR-000478,-112.143475,33.558891
bus_JCT-FDR-0002-007,-112.143472,33.563961
bus_FUSE-XFMR-000479,-112.143446,33.563973
bus_FUSE-XFMR-000480,-112.143528,33.563966
bus_FUSE-XFMR-000481,-112.14347,33.564041
bus_FUSE-XFMR-000482,-112.143446,33.564142
bus_FUSE-XFMR-000483,-112.143532,33.564103
bus_FUSE-XFMR-000484,-112.143438,33.564214
bus_FUSE-XFMR-000485,-112.143506,33.564223
bus_FUSE-XFMR-000486,-112.143457,33.564318
bus_FUSE-XFMR-000487,-112.143464,33.564328
bus_FUSE-XFMR-000488,-112.143471,33.564398
bus_FUSE-XFMR-000489,-112.143486,33.564429
bus_FUSE-XFMR-000490,-112.143502,33.56443
bus_FUSE-XFMR-000491,-112.143522,33.564487
